"Country Name","Country Code","Indicator Name","Indicator Code","1960","1961","1962","1963","1964","1965","1966","1967","1968","1969","1970","1971","1972","1973","1974","1975","1976","1977","1978","1979","1980","1981","1982","1983","1984","1985","1986","1987","1988","1989","1990","1991","1992","1993","1994","1995","1996","1997","1998","1999","2000","2001","2002","2003","2004","2005","2006","2007","2008","2009","2010","2011","2012","2013","2014","2015","2016","2017","2018","2019","2020","2021","2022"
"Aruba","ABW","Prevalence of undernourishment (% of population)","SN.ITK.DEFC.ZS","","","","","","","","","","","","","","","","","","","","","","","","","","","","","","","","","","","","","","","","","","","","","","","","","","","","","","","","","","","","","","",""
"Africa Eastern and Southern","AFE","Prevalence of undernourishment (% of population)","SN.ITK.DEFC.ZS","","","","","","","","","","","","","","","","","","","","","","","","","","","","","","","","","","","","","","","","","","33.0643933560435","32.6428707376993","32.2679936739953","31.0352017834494","29.6833670127598","28.5035112785995","28.0573791199456","27.4878580806953","25.7297057710846","23.9532905698366","22.2924321233599","21.7180622248758","21.4042634787984","21.4441525680364","21.9518392879537","22.4664278974053","23.0749505786293","23.6542334271697","25.1283632768289","26.5420054179609","",""
"Afghanistan","AFG","Prevalence of undernourishment (% of population)","SN.ITK.DEFC.ZS","","","","","","","","","","","","","","","","","","","","","","","","","","","","","","","","","","","","","","","","","","47.8","45.6","40.6","38","36.1","33.3","29.8","26.5","23.3","21.2","20.2","21.1","20.7","20.7","21.5","22.2","23","24","26.9","29.8","",""
"Africa Western and Central","AFW","Prevalence of undernourishment (% of population)","SN.ITK.DEFC.ZS","","","","","","","","","","","","","","","","","","","","","","","","","","","","","","","","","","","","","","","","","","16.1544599101004","15.7064972531393","15.1757007536242","14.4718030106659","13.6576103088056","13.0364869691625","12.469852834022","12.162205493254","11.5821371549156","11.163512462032","10.7484990754254","10.796828811136","10.839914319454","11.004309026257","11.0317339926271","11.0755623756176","11.3320860660929","11.5280749102045","12.4827779751865","13.2193544648232","",""
"Angola","AGO","Prevalence of undernourishment (% of population)","SN.ITK.DEFC.ZS","","","","","","","","","","","","","","","","","","","","","","","","","","","","","","","","","","","","","","","","","","67.5","63.2","58.7","55.1","52.2","49.3","46.1","42.9","33.1","23.9","16.4","15.1","14.3","13.7","14.5","15.4","15.4","15.7","17.9","20.8","",""
"Albania","ALB","Prevalence of undernourishment (% of population)","SN.ITK.DEFC.ZS","","","","","","","","","","","","","","","","","","","","","","","","","","","","","","","","","","","","","","","","","","4.9","6.1","7.5","8.6","8.9","8.8","8.3","7.3","6.3","5.8","5.4","5.1","5","5","4.9","4.7","4.7","4.6","4.3","3.9","",""
"Andorra","AND","Prevalence of undernourishment (% of population)","SN.ITK.DEFC.ZS","","","","","","","","","","","","","","","","","","","","","","","","","","","","","","","","","","","","","","","","","","","","","","","","","","","","","","","","","","","","","","",""
"Arab World","ARB","Prevalence of undernourishment (% of population)","SN.ITK.DEFC.ZS","","","","","","","","","","","","","","","","","","","","","","","","","","","","","","","","","","","","","","","","","","12.9023051903772","12.7411585594719","12.792429867992","12.8667683735776","12.6070489965279","12.2382064380042","11.9406824110947","11.8063426126892","11.3188792434279","11.2322787073367","10.9424046395479","10.9787192453582","10.6847725050672","10.8987840335801","11.4232537592174","11.8893965277526","12.045417046842","11.8479820766114","11.8268959841101","11.9141807311861","",""
"United Arab Emirates","ARE","Prevalence of undernourishment (% of population)","SN.ITK.DEFC.ZS","","","","","","","","","","","","","","","","","","","","","","","","","","","","","","","","","","","","","","","","","","2.8","3.8","5.1","6.9","8","8.3","8.1","7.4","8","8.4","8.8","7.9","7.1","6.6","6.5","6.3","6.4","6.2","6","5.6","",""
"Argentina","ARG","Prevalence of undernourishment (% of population)","SN.ITK.DEFC.ZS","","","","","","","","","","","","","","","","","","","","","","","","","","","","","","","","","","","","","","","","","","3","3.8","4.5","4","3.7","3.4","3.3","3.3","3.2","3.1","2.9","2.8","2.6","2.5","2.5","2.6","3.1","3.4","3.5","3.7","",""
"Armenia","ARM","Prevalence of undernourishment (% of population)","SN.ITK.DEFC.ZS","","","","","","","","","","","","","","","","","","","","","","","","","","","","","","","","","","","","","","","","","","26.1","24.5","21.1","16","12.3","9.3","6.9","5.6","4.4","3.7","3.4","3.2","3.2","2.8","2.8","2.7","2.8","2.9","3.1","3.5","",""
"American Samoa","ASM","Prevalence of undernourishment (% of population)","SN.ITK.DEFC.ZS","","","","","","","","","","","","","","","","","","","","","","","","","","","","","","","","","","","","","","","","","","","","","","","","","","","","","","","","","","","","","","",""
"Antigua and Barbuda","ATG","Prevalence of undernourishment (% of population)","SN.ITK.DEFC.ZS","","","","","","","","","","","","","","","","","","","","","","","","","","","","","","","","","","","","","","","","","","","","","","","","","","","","","","","","","","","","","","",""
"Australia","AUS","Prevalence of undernourishment (% of population)","SN.ITK.DEFC.ZS","","","","","","","","","","","","","","","","","","","","","","","","","","","","","","","","","","","","","","","","","","2.5","2.5","2.5","2.5","2.5","2.5","2.5","2.5","2.5","2.5","2.5","2.5","2.5","2.5","2.5","2.5","2.5","2.5","2.5","2.5","",""
"Austria","AUT","Prevalence of undernourishment (% of population)","SN.ITK.DEFC.ZS","","","","","","","","","","","","","","","","","","","","","","","","","","","","","","","","","","","","","","","","","","2.5","2.5","2.5","2.5","2.5","2.5","2.5","2.5","2.5","2.5","2.5","2.5","2.5","2.5","2.5","2.5","2.5","2.5","2.5","2.5","",""
"Azerbaijan","AZE","Prevalence of undernourishment (% of population)","SN.ITK.DEFC.ZS","","","","","","","","","","","","","","","","","","","","","","","","","","","","","","","","","","","","","","","","","","17","13.4","10.4","7.4","4.8","2.8","2.5","2.5","2.5","2.5","2.5","2.5","2.5","2.5","2.5","2.5","2.5","2.5","2.5","2.5","",""
"Burundi","BDI","Prevalence of undernourishment (% of population)","SN.ITK.DEFC.ZS","","","","","","","","","","","","","","","","","","","","","","","","","","","","","","","","","","","","","","","","","","","","","","","","","","","","","","","","","","","","","","",""
"Belgium","BEL","Prevalence of undernourishment (% of population)","SN.ITK.DEFC.ZS","","","","","","","","","","","","","","","","","","","","","","","","","","","","","","","","","","","","","","","","","","2.5","2.5","2.5","2.5","2.5","2.5","2.5","2.5","2.5","2.5","2.5","2.5","2.5","2.5","2.5","2.5","2.5","2.5","2.5","2.5","",""
"Benin","BEN","Prevalence of undernourishment (% of population)","SN.ITK.DEFC.ZS","","","","","","","","","","","","","","","","","","","","","","","","","","","","","","","","","","","","","","","","","","17.2","15.5","13.7","13.2","12","11","10.1","9","8.8","8.2","7.9","7.6","7.5","7.4","7.3","7.6","7.9","8.1","7.7","7.4","",""
"Burkina Faso","BFA","Prevalence of undernourishment (% of population)","SN.ITK.DEFC.ZS","","","","","","","","","","","","","","","","","","","","","","","","","","","","","","","","","","","","","","","","","","22.6","20.5","18.6","18.1","17.5","17.1","16","15.4","14.1","13.3","12.6","12.2","11.8","11.8","12","12.3","12.4","12.7","14.1","18","",""
"Bangladesh","BGD","Prevalence of undernourishment (% of population)","SN.ITK.DEFC.ZS","","","","","","","","","","","","","","","","","","","","","","","","","","","","","","","","","","","","","","","","","","15.9","15.1","14.9","14.4","14.2","13.8","13.9","13.6","14.8","15.2","15.8","15.3","15","14.1","14","13.3","12.5","11.5","11","11.4","",""
"Bulgaria","BGR","Prevalence of undernourishment (% of population)","SN.ITK.DEFC.ZS","","","","","","","","","","","","","","","","","","","","","","","","","","","","","","","","","","","","","","","","","","4","4.2","4.5","4.9","4.9","5.1","4.6","4.5","4.1","4","4","3.7","3.2","3.3","3.4","3.5","3","2.8","3","3","",""
"Bahrain","BHR","Prevalence of undernourishment (% of population)","SN.ITK.DEFC.ZS","","","","","","","","","","","","","","","","","","","","","","","","","","","","","","","","","","","","","","","","","","","","","","","","","","","","","","","","","","","","","","",""
"Bahamas", The,"BHS","Prevalence of undernourishment (% of population)","SN.ITK.DEFC.ZS","","","","","","","","","","","","","","","","","","","","","","","","","","","","","","","","","","","","","","","","","","","","","","","","","","","","","","","","","","","","","","",""
"Bosnia and Herzegovina","BIH","Prevalence of undernourishment (% of population)","SN.ITK.DEFC.ZS","","","","","","","","","","","","","","","","","","","","","","","","","","","","","","","","","","","","","","","","","","3.2","3","2.6","2.5","2.5","2.5","2.5","2.5","2.5","2.5","2.5","2.5","2.5","2.5","2.5","2.5","2.5","2.5","2.5","2.5","",""
"Belarus","BLR","Prevalence of undernourishment (% of population)","SN.ITK.DEFC.ZS","","","","","","","","","","","","","","","","","","","","","","","","","","","","","","","","","","","","","","","","","","2.5","2.7","3.3","3.3","2.5","2.5","2.5","2.5","2.5","2.5","2.5","2.5","2.5","2.5","2.5","2.5","2.5","2.5","2.5","2.5","",""
"Belize","BLZ","Prevalence of undernourishment (% of population)","SN.ITK.DEFC.ZS","","","","","","","","","","","","","","","","","","","","","","","","","","","","","","","","","","","","","","","","","","5.8","5.4","5.5","5.5","5.7","5.8","6.6","7.1","6.9","6.5","6.4","6.8","7.4","7.7","7.8","7.2","7","6.7","6.8","7.4","",""
"Bermuda","BMU","Prevalence of undernourishment (% of population)","SN.ITK.DEFC.ZS","","","","","","","","","","","","","","","","","","","","","","","","","","","","","","","","","","","","","","","","","","","","","","","","","","","","","","","","","","","","","","",""
"Bolivia","BOL","Prevalence of undernourishment (% of population)","SN.ITK.DEFC.ZS","","","","","","","","","","","","","","","","","","","","","","","","","","","","","","","","","","","","","","","","","","27.9","26.9","27.7","27.7","26.8","24.6","23.9","24.7","22.9","20.4","17.3","16.7","16.5","15.6","14.3","13.1","12.5","12.1","11.9","13.9","",""
"Brazil","BRA","Prevalence of undernourishment (% of population)","SN.ITK.DEFC.ZS","","","","","","","","","","","","","","","","","","","","","","","","","","","","","","","","","","","","","","","","","","10.7","9.3","7.9","6.8","6.5","6.2","5.6","5.1","4.3","3.7","3.2","3","2.8","2.5","2.5","2.5","2.5","2.5","2.6","4.1","",""
"Barbados","BRB","Prevalence of undernourishment (% of population)","SN.ITK.DEFC.ZS","","","","","","","","","","","","","","","","","","","","","","","","","","","","","","","","","","","","","","","","","","6.4","6.2","6.7","6.2","6.1","5.3","5.3","4.9","4.5","4.3","4.2","4.4","4.4","4.4","4.3","4.4","4.3","4.1","3.7","3.4","",""
"Brunei Darussalam","BRN","Prevalence of undernourishment (% of population)","SN.ITK.DEFC.ZS","","","","","","","","","","","","","","","","","","","","","","","","","","","","","","","","","","","","","","","","","","20","19.3","18.3","17.7","17","16.2","15.2","14.2","12.8","11.4","10","9.2","8.4","8","7.4","6.8","6.2","5.8","5.8","5.9","",""
"Bhutan","BTN","Prevalence of undernourishment (% of population)","SN.ITK.DEFC.ZS","","","","","","","","","","","","","","","","","","","","","","","","","","","","","","","","","","","","","","","","","","","","","","","","","","","","","","","","","","","","","","",""
"Botswana","BWA","Prevalence of undernourishment (% of population)","SN.ITK.DEFC.ZS","","","","","","","","","","","","","","","","","","","","","","","","","","","","","","","","","","","","","","","","","","23.7","24.1","24.5","23.7","22.6","22.3","22.2","22","21.9","21.5","21","20.3","19.7","19.3","19.6","20.1","21.3","21.5","22.1","21.9","",""
"Central African Republic","CAF","Prevalence of undernourishment (% of population)","SN.ITK.DEFC.ZS","","","","","","","","","","","","","","","","","","","","","","","","","","","","","","","","","","","","","","","","","","39.2","40.1","40.6","40.5","39.6","37.7","35.7","33.3","31.9","30.3","29.6","33","40.2","47.9","49.9","48.6","46.1","46.8","49.2","52.2","",""
"Canada","CAN","Prevalence of undernourishment (% of population)","SN.ITK.DEFC.ZS","","","","","","","","","","","","","","","","","","","","","","","","","","","","","","","","","","","","","","","","","","2.5","2.5","2.5","2.5","2.5","2.5","2.5","2.5","2.5","2.5","2.5","2.5","2.5","2.5","2.5","2.5","2.5","2.5","2.5","2.5","",""
"Central Europe and the Baltics","CEB","Prevalence of undernourishment (% of population)","SN.ITK.DEFC.ZS","","","","","","","","","","","","","","","","","","","","","","","","","","","","","","","","","","","","","","","","","","3.02295241370008","2.92736467477378","2.88738407494429","2.87032006518168","2.82534262608677","2.84431568831216","2.79827279405521","2.76566458051043","2.72672799908588","2.73531534187608","2.77681713941049","2.74563893189801","2.70040182723741","2.72861416072182","2.73590193585795","2.73266628268417","2.63502534327451","2.59492039722738","2.59797851799387","2.60338099217809","",""
"Switzerland","CHE","Prevalence of undernourishment (% of population)","SN.ITK.DEFC.ZS","","","","","","","","","","","","","","","","","","","","","","","","","","","","","","","","","","","","","","","","","","2.5","2.5","2.5","2.5","2.5","2.5","2.5","2.5","2.5","2.5","2.5","2.5","2.5","2.5","2.5","2.5","2.5","2.5","2.5","2.5","",""
"Channel Islands","CHI","Prevalence of undernourishment (% of population)","SN.ITK.DEFC.ZS","","","","","","","","","","","","","","","","","","","","","","","","","","","","","","","","","","","","","","","","","","","","","","","","","","","","","","","","","","","","","","",""
"Chile","CHL","Prevalence of undernourishment (% of population)","SN.ITK.DEFC.ZS","","","","","","","","","","","","","","","","","","","","","","","","","","","","","","","","","","","","","","","","","","3.4","3.2","3.2","3.2","3.1","3.1","3.1","3.4","3.5","3.4","3.3","3.1","3.1","3","3.1","3.1","2.9","2.7","2.6","2.6","",""
"China","CHN","Prevalence of undernourishment (% of population)","SN.ITK.DEFC.ZS","","","","","","","","","","","","","","","","","","","","","","","","","","","","","","","","","","","","","","","","","","10","9.4","8.6","7.9","7","6.1","5","4","2.8","2.5","2.5","2.5","2.5","2.5","2.5","2.5","2.5","2.5","2.5","2.5","",""
"Cote d'Ivoire","CIV","Prevalence of undernourishment (% of population)","SN.ITK.DEFC.ZS","","","","","","","","","","","","","","","","","","","","","","","","","","","","","","","","","","","","","","","","","","20.4","21","20.6","19.3","18.3","17.6","17.9","18.2","16.3","13.6","10.9","10","9.9","9.2","8.3","6.9","6","5.2","4.7","4.4","",""
"Cameroon","CMR","Prevalence of undernourishment (% of population)","SN.ITK.DEFC.ZS","","","","","","","","","","","","","","","","","","","","","","","","","","","","","","","","","","","","","","","","","","22.9","20.7","19.3","17.6","15.9","14.1","12.6","11.2","8.8","7.1","5.6","5.2","5.2","5.3","5.4","5.9","6.6","6.9","6.7","6.7","",""
"Congo", Dem. Rep.,"COD","Prevalence of undernourishment (% of population)","SN.ITK.DEFC.ZS","","","","","","","","","","","","","","","","","","","","","","","","","","","","","","","","","","","","","","","","","","32.2","33.7","34.5","34.7","34.6","34.6","34.5","34.5","34.5","34.2","34.5","35.1","35.1","35.1","35.5","36","36.4","36.3","37.7","39.8","",""
"Congo", Rep.,"COG","Prevalence of undernourishment (% of population)","SN.ITK.DEFC.ZS","","","","","","","","","","","","","","","","","","","","","","","","","","","","","","","","","","","","","","","","","","27","26.4","26.4","31.7","34","36.6","35.4","35.5","36","36.5","35.9","32.9","28.2","25.3","25.2","26.4","28.3","29.3","29.9","31.6","",""
"Colombia","COL","Prevalence of undernourishment (% of population)","SN.ITK.DEFC.ZS","","","","","","","","","","","","","","","","","","","","","","","","","","","","","","","","","","","","","","","","","","8.7","9.1","9.8","10.6","11.2","11.4","11","11.3","12.1","12.9","12.3","10.7","8.9","7.5","6.5","6","5.9","6.2","7.2","8.2","",""
"Comoros","COM","Prevalence of undernourishment (% of population)","SN.ITK.DEFC.ZS","","","","","","","","","","","","","","","","","","","","","","","","","","","","","","","","","","","","","","","","","","","","","","","","","","","","","","","","","","","","","","",""
"Cabo Verde","CPV","Prevalence of undernourishment (% of population)","SN.ITK.DEFC.ZS","","","","","","","","","","","","","","","","","","","","","","","","","","","","","","","","","","","","","","","","","","14.5","14.4","13.1","11.3","11","11.4","12.3","13.1","14.1","14.2","14.1","14.3","15.1","16.2","16.8","17","16.2","15.4","14.5","17.7","",""
"Costa Rica","CRI","Prevalence of undernourishment (% of population)","SN.ITK.DEFC.ZS","","","","","","","","","","","","","","","","","","","","","","","","","","","","","","","","","","","","","","","","","","4.7","5","5.2","5","4.4","3.9","3.8","3.9","4.3","4.6","5","5","4.9","4.7","4.1","3.6","3.2","3.2","3.4","3.4","",""
"Caribbean small states","CSS","Prevalence of undernourishment (% of population)","SN.ITK.DEFC.ZS","","","","","","","","","","","","","","","","","","","","","","","","","","","","","","","","","","","","","","","","","","8.1971498596618","8.01484368941201","8.17207042703701","8.23492897233253","8.24539294591467","8.11661758916595","8.32194956008279","8.52577657850798","8.69100037758278","8.50070069871903","8.347393320837","8.10334040695277","8.01365640647618","7.82561173082146","8.07245790381887","7.86446695308852","7.70555234640964","7.19196136114819","6.9674041854193","6.80810530135217","",""
"Cuba","CUB","Prevalence of undernourishment (% of population)","SN.ITK.DEFC.ZS","","","","","","","","","","","","","","","","","","","","","","","","","","","","","","","","","","","","","","","","","","2.5","2.5","2.5","2.5","2.5","2.5","2.5","2.5","2.5","2.5","2.5","2.5","2.5","2.5","2.5","2.5","2.5","2.5","2.5","2.5","",""
"Curacao","CUW","Prevalence of undernourishment (% of population)","SN.ITK.DEFC.ZS","","","","","","","","","","","","","","","","","","","","","","","","","","","","","","","","","","","","","","","","","","","","","","","","","","","","","","","","","","","","","","",""
"Cayman Islands","CYM","Prevalence of undernourishment (% of population)","SN.ITK.DEFC.ZS","","","","","","","","","","","","","","","","","","","","","","","","","","","","","","","","","","","","","","","","","","","","","","","","","","","","","","","","","","","","","","",""
"Cyprus","CYP","Prevalence of undernourishment (% of population)","SN.ITK.DEFC.ZS","","","","","","","","","","","","","","","","","","","","","","","","","","","","","","","","","","","","","","","","","","5.1","5.7","6.1","6.9","7.6","7.5","6.9","6.4","4.7","3","2.5","2.5","2.5","2.5","2.5","2.5","2.5","2.5","2.5","2.5","",""
"Czechia","CZE","Prevalence of undernourishment (% of population)","SN.ITK.DEFC.ZS","","","","","","","","","","","","","","","","","","","","","","","","","","","","","","","","","","","","","","","","","","2.5","2.5","2.5","2.5","2.5","2.5","2.5","2.5","2.5","2.5","2.5","2.5","2.5","2.5","2.5","2.5","2.5","2.5","2.5","2.5","",""
"Germany","DEU","Prevalence of undernourishment (% of population)","SN.ITK.DEFC.ZS","","","","","","","","","","","","","","","","","","","","","","","","","","","","","","","","","","","","","","","","","","2.5","2.5","2.5","2.5","2.5","2.5","2.5","2.5","2.5","2.5","2.5","2.5","2.5","2.5","2.5","2.5","2.5","2.5","2.5","2.5","",""
"Djibouti","DJI","Prevalence of undernourishment (% of population)","SN.ITK.DEFC.ZS","","","","","","","","","","","","","","","","","","","","","","","","","","","","","","","","","","","","","","","","","","42","40.8","38.2","34.7","31.3","27.3","25.1","23.4","23.1","22.4","21.3","19.8","17.8","15.7","14.2","13.6","13.5","13.1","13.1","13.5","",""
"Dominica","DMA","Prevalence of undernourishment (% of population)","SN.ITK.DEFC.ZS","","","","","","","","","","","","","","","","","","","","","","","","","","","","","","","","","","","","","","","","","","3.7","4.1","4.7","5","5.4","5","4.6","4.1","4.5","4.8","5.2","5.4","5.5","5.3","5.3","5.4","5.7","5.7","6.5","6.9","",""
"Denmark","DNK","Prevalence of undernourishment (% of population)","SN.ITK.DEFC.ZS","","","","","","","","","","","","","","","","","","","","","","","","","","","","","","","","","","","","","","","","","","2.5","2.5","2.5","2.5","2.5","2.5","2.5","2.5","2.5","2.5","2.5","2.5","2.5","2.5","2.5","2.5","2.5","2.5","2.5","2.5","",""
"Dominican Republic","DOM","Prevalence of undernourishment (% of population)","SN.ITK.DEFC.ZS","","","","","","","","","","","","","","","","","","","","","","","","","","","","","","","","","","","","","","","","","","20.4","22.6","23.6","23","19.2","16.4","16.2","16","15.2","13","11.1","9.8","8.8","8.2","7.4","6.8","6.2","6.1","7","6.7","",""
"Algeria","DZA","Prevalence of undernourishment (% of population)","SN.ITK.DEFC.ZS","","","","","","","","","","","","","","","","","","","","","","","","","","","","","","","","","","","","","","","","","","8","7.3","7","7","6.7","6.4","5.9","5.6","5.1","4.3","3.8","3.2","3","2.9","2.8","2.8","2.7","2.5","2.5","2.5","",""
"East Asia & Pacific (excluding high income)","EAP","Prevalence of undernourishment (% of population)","SN.ITK.DEFC.ZS","","","","","","","","","","","","","","","","","","","","","","","","","","","","","","","","","","","","","","","","","","13.3149550357582","12.6799955252405","11.8204255249921","11.1924721318513","10.3933237243699","9.58603552790324","8.58499187524133","7.6295295013722","6.40112299574844","5.79460855723744","5.35484139054472","5.11557654343575","4.88622004427686","4.79030648855413","4.60430791734828","4.44006898994337","4.26417527614656","4.153161306554","4.13054802642642","4.15997908548144","",""
"Early-demographic dividend","EAR","Prevalence of undernourishment (% of population)","SN.ITK.DEFC.ZS","","","","","","","","","","","","","","","","","","","","","","","","","","","","","","","","","","","","","","","","","","17.4533902057573","18.0572070875818","18.4645769742457","18.3207863627525","17.738927507566","16.4634684770108","15.2557514748311","14.5502463281078","13.9110595753887","13.3091844907782","12.6401862029345","12.1921214188295","11.9101555430223","11.699374227032","11.5165879037891","11.1944818351437","10.8689856953112","10.895933280857","11.7093319861753","12.7759004943544","",""
"East Asia & Pacific","EAS","Prevalence of undernourishment (% of population)","SN.ITK.DEFC.ZS","","","","","","","","","","","","","","","","","","","","","","","","","","","","","","","","","","","","","","","","","","12.2322545734425","11.6676093899389","10.8977164266997","10.3363941968057","9.61829927233146","8.89344612081479","7.99277162560651","7.13236078698133","6.03081614295284","5.48951719009865","5.08117847031343","4.86614371213136","4.65985807180729","4.57391266866273","4.40631820206974","4.25835804132124","4.09976529157111","3.99965746572495","3.99594482420677","4.04480101070552","",""
"Europe & Central Asia (excluding high income)","ECA","Prevalence of undernourishment (% of population)","SN.ITK.DEFC.ZS","","","","","","","","","","","","","","","","","","","","","","","","","","","","","","","","","","","","","","","","","","5.34294557644783","4.96271869091184","4.61837448534868","4.24275898666921","3.97335457337817","3.71526648572778","3.55204506895516","3.464725248716","3.21806943765818","2.968511845758","2.71946949616433","2.69532678718319","2.68778853967392","2.69107629714286","2.70059270205397","2.69907675690541","2.68059037462268","2.6625483746541","2.67533263125511","2.69212573620346","",""
"Europe & Central Asia","ECS","Prevalence of undernourishment (% of population)","SN.ITK.DEFC.ZS","","","","","","","","","","","","","","","","","","","","","","","","","","","","","","","","","","","","","","","","","","3.7546644620756","3.5790055418707","3.42479965328072","3.26072961924513","3.14195936659091","3.03368032190023","2.96299573362038","2.92269963949665","2.81648971955468","2.71214586916388","2.61245059351249","2.60118266683659","2.59686359076777","2.60077783603296","2.60490950771222","2.60315691447502","2.58815862378132","2.57751294974301","2.5818128633521","2.58961409388645","",""
"Ecuador","ECU","Prevalence of undernourishment (% of population)","SN.ITK.DEFC.ZS","","","","","","","","","","","","","","","","","","","","","","","","","","","","","","","","","","","","","","","","","","21","22.7","22.7","22.7","22.4","22.8","22.1","21.3","16","12.3","8.4","8.8","8.8","8.7","9","9.7","10.7","11.6","13.7","15.4","",""
"Egypt", Arab Rep.,"EGY","Prevalence of undernourishment (% of population)","SN.ITK.DEFC.ZS","","","","","","","","","","","","","","","","","","","","","","","","","","","","","","","","","","","","","","","","","","5.2","5.4","6","6.4","6.4","6","5.7","5.6","4.9","4.5","3.8","4","4.1","4.2","4.4","4.6","4.9","4.9","5","5.1","",""
"Euro area","EMU","Prevalence of undernourishment (% of population)","SN.ITK.DEFC.ZS","","","","","","","","","","","","","","","","","","","","","","","","","","","","","","","","","","","","","","","","","","2.58775810177694","2.58174238165277","2.57422728631811","2.56944034600782","2.56498940869137","2.56627692001803","2.56105751787067","2.55136398528196","2.5426213174272","2.54177453456132","2.55310798488357","2.54986417566723","2.54653868542752","2.55282786426745","2.55271802551686","2.54944201680255","2.53028471644192","2.52229247621881","2.51911205766574","2.52069465389032","",""
"Eritrea","ERI","Prevalence of undernourishment (% of population)","SN.ITK.DEFC.ZS","","","","","","","","","","","","","","","","","","","","","","","","","","","","","","","","","","","","","","","","","","","","","","","","","","","","","","","","","","","","","","",""
"Spain","ESP","Prevalence of undernourishment (% of population)","SN.ITK.DEFC.ZS","","","","","","","","","","","","","","","","","","","","","","","","","","","","","","","","","","","","","","","","","","2.5","2.5","2.5","2.5","2.5","2.5","2.5","2.5","2.5","2.5","2.5","2.5","2.5","2.5","2.5","2.5","2.5","2.5","2.5","2.5","",""
"Estonia","EST","Prevalence of undernourishment (% of population)","SN.ITK.DEFC.ZS","","","","","","","","","","","","","","","","","","","","","","","","","","","","","","","","","","","","","","","","","","3.6","3.5","3.3","2.9","2.5","2.5","2.5","2.5","2.5","2.5","2.5","2.5","2.5","2.5","2.5","2.5","2.5","2.5","2.5","2.5","",""
"Ethiopia","ETH","Prevalence of undernourishment (% of population)","SN.ITK.DEFC.ZS","","","","","","","","","","","","","","","","","","","","","","","","","","","","","","","","","","","","","","","","","","47","44.2","42.6","39","37.1","35.6","35","33.5","28.5","24.7","20.9","19.4","17.7","15.9","14.8","14.4","15.7","18.2","21.9","24.9","",""
"European Union","EUU","Prevalence of undernourishment (% of population)","SN.ITK.DEFC.ZS","","","","","","","","","","","","","","","","","","","","","","","","","","","","","","","","","","","","","","","","","","2.63679518305849","2.61337677133307","2.60384400899641","2.60104360083942","2.59134282392624","2.59541166311827","2.58245830831456","2.57309882114235","2.55943137363273","2.55692824392541","2.56542455249905","2.5578373608929","2.54697084714913","2.55333773414628","2.55479166889635","2.55378780310775","2.53108929247504","2.52177397438172","2.52242644767394","2.52359540748427","",""
"Fragile and conflict affected situations","FCS","Prevalence of undernourishment (% of population)","SN.ITK.DEFC.ZS","","","","","","","","","","","","","","","","","","","","","","","","","","","","","","","","","","","","","","","","","","25.3841802435755","24.7181412275063","24.0721849421039","23.0061585889904","22.0695988670951","21.2051938156595","20.3163997117318","19.5566987203563","18.2006677524394","17.3973072240904","16.6365278326071","16.5847890368329","16.2638355938548","16.3710216035817","16.9745036254438","17.5259837063806","18.2053216998391","18.6167303976891","19.922451166949","21.0805747478316","",""
"Finland","FIN","Prevalence of undernourishment (% of population)","SN.ITK.DEFC.ZS","","","","","","","","","","","","","","","","","","","","","","","","","","","","","","","","","","","","","","","","","","2.5","2.5","2.5","2.5","2.5","2.5","2.5","2.5","2.5","2.5","2.5","2.5","2.5","2.5","2.5","2.5","2.5","2.5","2.5","2.5","",""
"Fiji","FJI","Prevalence of undernourishment (% of population)","SN.ITK.DEFC.ZS","","","","","","","","","","","","","","","","","","","","","","","","","","","","","","","","","","","","","","","","","","4","3.8","3.9","3.8","3.7","3.7","3.7","3.9","4.8","5.6","6.6","6.5","6.7","6.3","6.5","6.3","6.2","5.5","4.9","5.7","",""
"France","FRA","Prevalence of undernourishment (% of population)","SN.ITK.DEFC.ZS","","","","","","","","","","","","","","","","","","","","","","","","","","","","","","","","","","","","","","","","","","2.5","2.5","2.5","2.5","2.5","2.5","2.5","2.5","2.5","2.5","2.5","2.5","2.5","2.5","2.5","2.5","2.5","2.5","2.5","2.5","",""
"Faroe Islands","FRO","Prevalence of undernourishment (% of population)","SN.ITK.DEFC.ZS","","","","","","","","","","","","","","","","","","","","","","","","","","","","","","","","","","","","","","","","","","","","","","","","","","","","","","","","","","","","","","",""
"Micronesia", Fed. Sts.,"FSM","Prevalence of undernourishment (% of population)","SN.ITK.DEFC.ZS","","","","","","","","","","","","","","","","","","","","","","","","","","","","","","","","","","","","","","","","","","","","","","","","","","","","","","","","","","","","","",""
"Gabon","GAB","Prevalence of undernourishment (% of population)","SN.ITK.DEFC.ZS","","","","","","","","","","","","","","","","","","","","","","","","","","","","","","","","","","","","","","","","","","10.7","12.1","13.3","13.9","14.3","14.8","15.9","16.8","16.3","14.7","13.1","12.8","12.9","13.3","13.9","15.1","16.1","17","16.6","17.2","",""
"United Kingdom","GBR","Prevalence of undernourishment (% of population)","SN.ITK.DEFC.ZS","","","","","","","","","","","","","","","","","","","","","","","","","","","","","","","","","","","","","","","","","","2.5","2.5","2.5","2.5","2.5","2.5","2.5","2.5","2.5","2.5","2.5","2.5","2.5","2.5","2.5","2.5","2.5","2.5","2.5","2.5","",""
"Georgia","GEO","Prevalence of undernourishment (% of population)","SN.ITK.DEFC.ZS","","","","","","","","","","","","","","","","","","","","","","","","","","","","","","","","","","","","","","","","","","7.7","5.9","4.8","4.1","4.1","4","4","3.6","5","6.7","8.2","7.8","7.9","7.9","8.1","8.3","8.1","7.8","7.8","7.6","",""
"Ghana","GHA","Prevalence of undernourishment (% of population)","SN.ITK.DEFC.ZS","","","","","","","","","","","","","","","","","","","","","","","","","","","","","","","","","","","","","","","","","","14.9","13.5","12.6","12.2","11.2","10.6","9.4","8.2","6.6","6.1","6.1","6.4","6.6","7.1","7.7","7.7","7.1","6.2","5.2","4.1","",""
"Gibraltar","GIB","Prevalence of undernourishment (% of population)","SN.ITK.DEFC.ZS","","","","","","","","","","","","","","","","","","","","","","","","","","","","","","","","","","","","","","","","","","","","","","","","","","","","","","","","","","","","","","",""
"Guinea","GIN","Prevalence of undernourishment (% of population)","SN.ITK.DEFC.ZS","","","","","","","","","","","","","","","","","","","","","","","","","","","","","","","","","","","","","","","","","","","","","","","","","","","","","","","","","","","","","","",""
"Gambia", The,"GMB","Prevalence of undernourishment (% of population)","SN.ITK.DEFC.ZS","","","","","","","","","","","","","","","","","","","","","","","","","","","","","","","","","","","","","","","","","","17.8","19.6","20.5","20.7","21.7","20.7","18.7","15.8","12.8","10.4","8.7","9.1","9.8","10.5","11","11.6","12.2","13.1","18","21.6",""
"Guinea-Bissau","GNB","Prevalence of undernourishment (% of population)","SN.ITK.DEFC.ZS","","","","","","","","","","","","","","","","","","","","","","","","","","","","","","","","","","","","","","","","","","","","","","","","","","","","","","","","","","","","","","",""
"Equatorial Guinea","GNQ","Prevalence of undernourishment (% of population)","SN.ITK.DEFC.ZS","","","","","","","","","","","","","","","","","","","","","","","","","","","","","","","","","","","","","","","","","","","","","","","","","","","","","","","","","","","","","","",""
"Greece","GRC","Prevalence of undernourishment (% of population)","SN.ITK.DEFC.ZS","","","","","","","","","","","","","","","","","","","","","","","","","","","","","","","","","","","","","","","","","","2.5","2.5","2.5","2.5","2.5","2.5","2.5","2.5","2.5","2.5","2.5","2.5","2.5","2.5","2.5","2.5","2.5","2.5","2.5","2.5","",""
"Grenada","GRD","Prevalence of undernourishment (% of population)","SN.ITK.DEFC.ZS","","","","","","","","","","","","","","","","","","","","","","","","","","","","","","","","","","","","","","","","","","","","","","","","","","","","","","","","","","","","","","",""
"Greenland","GRL","Prevalence of undernourishment (% of population)","SN.ITK.DEFC.ZS","","","","","","","","","","","","","","","","","","","","","","","","","","","","","","","","","","","","","","","","","","","","","","","","","","","","","","","","","","","","","","",""
"Guatemala","GTM","Prevalence of undernourishment (% of population)","SN.ITK.DEFC.ZS","","","","","","","","","","","","","","","","","","","","","","","","","","","","","","","","","","","","","","","","","","22.2","19.9","18.9","19.1","18.9","17.8","18.2","17.9","17.6","16.4","16.3","16.8","17.5","17.7","17.3","16.4","16.3","16.2","16.3","16","",""
"Guam","GUM","Prevalence of undernourishment (% of population)","SN.ITK.DEFC.ZS","","","","","","","","","","","","","","","","","","","","","","","","","","","","","","","","","","","","","","","","","","","","","","","","","","","","","","","","","","","","","","",""
"Guyana","GUY","Prevalence of undernourishment (% of population)","SN.ITK.DEFC.ZS","","","","","","","","","","","","","","","","","","","","","","","","","","","","","","","","","","","","","","","","","","6.5","6.5","6.8","6.9","7.1","7.1","7.5","7.6","8.4","8.7","8.6","8","7.4","7","6.8","6.4","6.1","5.4","5","4.9","",""
"High income","HIC","Prevalence of undernourishment (% of population)","SN.ITK.DEFC.ZS","","","","","","","","","","","","","","","","","","","","","","","","","","","","","","","","","","","","","","","","","","2.72250885621456","2.70682873431033","2.71130112141032","2.71290485024299","2.70551489020965","2.69425868029851","2.69619390510254","2.70875760789126","2.72281528398259","2.73839463859782","2.70018241576754","2.68797861655796","2.66015208807208","2.65159775309452","2.63987841545109","2.6388323820793","2.62853670881726","2.62084795915056","2.6538047178055","2.69292376477811","",""
"Hong Kong SAR", China,"HKG","Prevalence of undernourishment (% of population)","SN.ITK.DEFC.ZS","","","","","","","","","","","","","","","","","","","","","","","","","","","","","","","","","","","","","","","","","","2.5","2.5","2.5","2.5","2.5","2.5","2.5","2.5","2.5","2.5","2.5","2.5","2.5","2.5","2.5","2.5","2.5","2.5","2.5","2.5",""
"Honduras","HND","Prevalence of undernourishment (% of population)","SN.ITK.DEFC.ZS","","","","","","","","","","","","","","","","","","","","","","","","","","","","","","","","","","","","","","","","","","21.9","21.2","21.7","22.2","22.3","21.8","21","20.8","18.3","15.8","13.4","13.4","14.2","14.6","14.5","13.8","13.2","13.1","13.3","15.3","",""
"Heavily indebted poor countries (HIPC)","HPC","Prevalence of undernourishment (% of population)","SN.ITK.DEFC.ZS","","","","","","","","","","","","","","","","","","","","","","","","","","","","","","","","","","","","","","","","","","33.0775461059821","32.3654086662662","31.6565972948063","30.6226745735365","29.4498864747725","28.2252392140135","27.2855185714305","26.4722734996173","24.691070378259","23.0985080330414","21.5770106892553","21.1873577273541","20.9261008449223","20.9382892850195","21.1325166715087","21.2987501193542","21.6366218421027","22.14515081715","23.3679742184599","24.6739867547789","",""
"Croatia","HRV","Prevalence of undernourishment (% of population)","SN.ITK.DEFC.ZS","","","","","","","","","","","","","","","","","","","","","","","","","","","","","","","","","","","","","","","","","","6.8","4.6","3.7","3.1","2.5","2.5","2.5","2.5","2.5","2.5","2.5","2.5","2.5","2.5","2.5","2.5","2.5","2.5","2.5","2.5","",""
"Haiti","HTI","Prevalence of undernourishment (% of population)","SN.ITK.DEFC.ZS","","","","","","","","","","","","","","","","","","","","","","","","","","","","","","","","","","","","","","","","","","50.7","52.6","53","53.7","52.9","51.9","50.1","48.6","45.8","44.4","44","44.7","43.7","42.6","42.4","43.2","44.6","45.4","46.4","47.2","",""
"Hungary","HUN","Prevalence of undernourishment (% of population)","SN.ITK.DEFC.ZS","","","","","","","","","","","","","","","","","","","","","","","","","","","","","","","","","","","","","","","","","","2.5","2.5","2.5","2.5","2.5","2.5","2.5","2.5","2.5","2.5","2.5","2.5","2.5","2.5","2.5","2.5","2.5","2.5","2.5","2.5","",""
"IBRD only","IBD","Prevalence of undernourishment (% of population)","SN.ITK.DEFC.ZS","","","","","","","","","","","","","","","","","","","","","","","","","","","","","","","","","","","","","","","","","","12.6329934229387","12.772153782796","12.7601026912946","12.5841851381091","12.0558667946048","11.1045136639687","10.0372281443994","9.33927474468009","8.63771429082859","8.20021929401058","7.79774297035279","7.52463274460329","7.38721765647666","7.32445352471238","7.24215911832555","7.08964441809166","6.88633362463476","6.89354871048741","7.33696166501768","7.95109089665879","",""
"IDA & IBRD total","IBT","Prevalence of undernourishment (% of population)","SN.ITK.DEFC.ZS","","","","","","","","","","","","","","","","","","","","","","","","","","","","","","","","","","","","","","","","","","15.1482743618104","15.203241062998","15.0869543461846","14.7210932681751","14.0826827514267","13.1200813313598","12.1539400126999","11.5057715957266","10.7756081371443","10.2779532715693","9.81731278217458","9.57120058874677","9.42193760306086","9.35464246810886","9.34036823816129","9.25905428962875","9.16405251409488","9.22961948465038","9.83023209406493","10.6171062209977","",""
"IDA total","IDA","Prevalence of undernourishment (% of population)","SN.ITK.DEFC.ZS","","","","","","","","","","","","","","","","","","","","","","","","","","","","","","","","","","","","","","","","","","24.9559357912549","24.5569311225742","23.9231983254579","22.7352000120751","21.5896453282332","20.4917529037127","19.7996636891642","19.2360986097217","18.3092118590353","17.5042074363285","16.7524633839136","16.5182545319362","16.2531219021688","16.0949021512445","16.2280385491094","16.2966511896892","16.4609380950483","16.6152933283782","17.6060657650915","18.8093859636035","",""
"IDA blend","IDB","Prevalence of undernourishment (% of population)","SN.ITK.DEFC.ZS","","","","","","","","","","","","","","","","","","","","","","","","","","","","","","","","","","","","","","","","","","17.8732506656478","18.2861223066525","17.857197934152","16.3727243468149","14.9724649089448","13.9200314454474","13.5466238822443","13.5225197055781","13.2370140812009","12.9098055260048","12.5695265062301","12.3656258025436","12.0623369433627","11.7362725551391","11.6555024770572","11.7601039722351","12.0672051080316","12.2690682330035","13.6414908134902","15.1563435247188","",""
"Indonesia","IDN","Prevalence of undernourishment (% of population)","SN.ITK.DEFC.ZS","","","","","","","","","","","","","","","","","","","","","","","","","","","","","","","","","","","","","","","","","","19.2","19.1","18.9","19.1","19.2","19","18.5","17.4","15.4","13","10.7","9.3","8.2","7.9","7.2","6.6","5.9","5.9","6.2","6.5","",""
"IDA only","IDX","Prevalence of undernourishment (% of population)","SN.ITK.DEFC.ZS","","","","","","","","","","","","","","","","","","","","","","","","","","","","","","","","","","","","","","","","","","28.9060171829363","28.0581319078231","27.3093704696992","26.291756219271","25.2932764529693","24.1750538578697","23.3141979738972","22.4588723144056","21.18060861973","20.115806564167","19.1367372845262","18.8857560132512","18.6395189351879","18.5712512170772","18.8181162182443","18.8563681068553","18.931066651783","19.0526838093627","19.8253686837306","20.8511600934666","",""
"Isle of Man","IMN","Prevalence of undernourishment (% of population)","SN.ITK.DEFC.ZS","","","","","","","","","","","","","","","","","","","","","","","","","","","","","","","","","","","","","","","","","","","","","","","","","","","","","","","","","","","","","","",""
"India","IND","Prevalence of undernourishment (% of population)","SN.ITK.DEFC.ZS","","","","","","","","","","","","","","","","","","","","","","","","","","","","","","","","","","","","","","","","","","18.4","20.1","21.5","22.1","21.6","19.6","17.5","16.6","16.3","15.9","15.4","14.9","14.9","14.8","14.5","13.9","13.2","13.3","14.6","16.3","",""
"Not classified","INX","Prevalence of undernourishment (% of population)","SN.ITK.DEFC.ZS","","","","","","","","","","","","","","","","","","","","","","","","","","","","","","","","","","","","","","","","","","","","","","","","","","","","","","","","","","","","","","",""
"Ireland","IRL","Prevalence of undernourishment (% of population)","SN.ITK.DEFC.ZS","","","","","","","","","","","","","","","","","","","","","","","","","","","","","","","","","","","","","","","","","","2.5","2.5","2.5","2.5","2.5","2.5","2.5","2.5","2.5","2.5","2.5","2.5","2.5","2.5","2.5","2.5","2.5","2.5","2.5","2.5","",""
"Iran", Islamic Rep.,"IRN","Prevalence of undernourishment (% of population)","SN.ITK.DEFC.ZS","","","","","","","","","","","","","","","","","","","","","","","","","","","","","","","","","","","","","","","","","","4.8","5","5","4.9","5.2","5.5","5.7","5.4","5.5","6.1","6.3","6","5.1","4.9","4.7","4.9","5.2","5.2","4.9","4.1",""
"Iraq","IRQ","Prevalence of undernourishment (% of population)","SN.ITK.DEFC.ZS","","","","","","","","","","","","","","","","","","","","","","","","","","","","","","","","","","","","","","","","","","22.1","21.4","20.2","19.4","17.9","18","17.8","17","15.8","15","15.9","16.6","16.8","17.3","18.4","19.1","18.8","18.1","17.4","15.9","",""
"Iceland","ISL","Prevalence of undernourishment (% of population)","SN.ITK.DEFC.ZS","","","","","","","","","","","","","","","","","","","","","","","","","","","","","","","","","","","","","","","","","","2.5","2.5","2.5","2.5","2.5","2.5","2.5","2.5","2.5","2.5","2.5","2.5","2.5","2.5","2.5","2.5","2.5","2.5","2.5","2.5","",""
"Israel","ISR","Prevalence of undernourishment (% of population)","SN.ITK.DEFC.ZS","","","","","","","","","","","","","","","","","","","","","","","","","","","","","","","","","","","","","","","","","","2.5","2.5","2.5","2.5","2.5","2.5","2.5","2.5","2.5","2.5","2.5","2.5","2.5","2.5","2.5","2.5","2.5","2.5","2.5","2.5","",""
"Italy","ITA","Prevalence of undernourishment (% of population)","SN.ITK.DEFC.ZS","","","","","","","","","","","","","","","","","","","","","","","","","","","","","","","","","","","","","","","","","","2.5","2.5","2.5","2.5","2.5","2.5","2.5","2.5","2.5","2.5","2.5","2.5","2.5","2.5","2.5","2.5","2.5","2.5","2.5","2.5","",""
"Jamaica","JAM","Prevalence of undernourishment (% of population)","SN.ITK.DEFC.ZS","","","","","","","","","","","","","","","","","","","","","","","","","","","","","","","","","","","","","","","","","","7.4","6.9","7","7.1","7.4","7.7","8.3","9","9.6","9.7","9.9","9.7","9.7","9.3","9.7","9.3","9","8.1","7.5","6.9","",""
"Jordan","JOR","Prevalence of undernourishment (% of population)","SN.ITK.DEFC.ZS","","","","","","","","","","","","","","","","","","","","","","","","","","","","","","","","","","","","","","","","","","9.7","7.7","6.3","5.7","5.5","5.7","6.1","6.5","6.4","6.2","6.1","6.3","6","6","6.3","7.1","8.8","11.2","14.6","16.9","",""
"Japan","JPN","Prevalence of undernourishment (% of population)","SN.ITK.DEFC.ZS","","","","","","","","","","","","","","","","","","","","","","","","","","","","","","","","","","","","","","","","","","2.5","2.5","2.5","2.5","2.5","2.5","2.5","2.5","2.6","2.7","2.5","2.5","2.5","2.5","2.5","2.5","2.5","2.5","2.8","3.2","",""
"Kazakhstan","KAZ","Prevalence of undernourishment (% of population)","SN.ITK.DEFC.ZS","","","","","","","","","","","","","","","","","","","","","","","","","","","","","","","","","","","","","","","","","","6.5","6.6","7.1","7.5","7.3","6.3","5.1","4.3","3.7","3.2","2.6","2.5","2.5","2.5","2.5","2.5","2.5","2.5","2.5","2.5","",""
"Kenya","KEN","Prevalence of undernourishment (% of population)","SN.ITK.DEFC.ZS","","","","","","","","","","","","","","","","","","","","","","","","","","","","","","","","","","","","","","","","","","32.2","33.6","34.9","32.1","28.5","26.1","26.9","26.6","24.7","22.2","20.6","19.8","19.5","19.6","21.5","23.3","25.1","24.7","25.6","26.9","",""
"Kyrgyz Republic","KGZ","Prevalence of undernourishment (% of population)","SN.ITK.DEFC.ZS","","","","","","","","","","","","","","","","","","","","","","","","","","","","","","","","","","","","","","","","","","15","12.9","10.6","8.5","8.5","9","9.6","8.8","8.2","7.3","6.7","6.3","6.1","6.1","6.3","6.1","5.8","5.4","5.2","5.3","",""
"Cambodia","KHM","Prevalence of undernourishment (% of population)","SN.ITK.DEFC.ZS","","","","","","","","","","","","","","","","","","","","","","","","","","","","","","","","","","","","","","","","","","23.6","21.2","19.4","18.5","17","15.6","14.8","14.5","13","11.2","9.7","9.5","9.4","9.2","8.9","8.5","7.7","6.6","6","6.3","",""
"Kiribati","KIR","Prevalence of undernourishment (% of population)","SN.ITK.DEFC.ZS","","","","","","","","","","","","","","","","","","","","","","","","","","","","","","","","","","","","","","","","","","4.4","4.6","5","5.1","5.3","5.5","6","6.2","5.4","4.4","3.5","3.3","3.3","3.2","3.2","3.3","3.4","3.9","4","4.2","",""
"St. Kitts and Nevis","KNA","Prevalence of undernourishment (% of population)","SN.ITK.DEFC.ZS","","","","","","","","","","","","","","","","","","","","","","","","","","","","","","","","","","","","","","","","","","","","","","","","","","","","","","","","","","","","","","",""
"Korea", Rep.,"KOR","Prevalence of undernourishment (% of population)","SN.ITK.DEFC.ZS","","","","","","","","","","","","","","","","","","","","","","","","","","","","","","","","","","","","","","","","","","2.5","2.6","2.6","2.6","2.5","2.5","2.5","2.5","2.5","2.5","2.5","2.5","2.5","2.5","2.5","2.5","2.5","2.5","2.5","2.5",""
"Kuwait","KWT","Prevalence of undernourishment (% of population)","SN.ITK.DEFC.ZS","","","","","","","","","","","","","","","","","","","","","","","","","","","","","","","","","","","","","","","","","","2.6","2.5","2.5","2.5","2.5","2.5","2.5","2.5","2.5","2.5","2.5","2.5","2.5","2.5","2.5","2.5","2.5","2.5","2.5","2.7","",""
"Latin America & Caribbean (excluding high income)","LAC","Prevalence of undernourishment (% of population)","SN.ITK.DEFC.ZS","","","","","","","","","","","","","","","","","","","","","","","","","","","","","","","","","","","","","","","","","","10.802074009953","10.5402873828056","10.3027191103572","9.9281729256018","9.53326698952399","9.04326869439818","8.60387371374605","8.37904328902968","7.7906357725592","7.29862289713656","6.71461274168866","6.42949411544245","6.05266854866647","5.81100983758386","5.83524813644719","5.98009596932256","6.123343286566","6.17792950884177","6.45280650097176","7.28154017476677","",""
"Lao PDR","LAO","Prevalence of undernourishment (% of population)","SN.ITK.DEFC.ZS","","","","","","","","","","","","","","","","","","","","","","","","","","","","","","","","","","","","","","","","","","31.2","29.5","26.9","24.1","22.4","20.6","20.1","18.3","16.8","14.1","12.8","11.3","10","8","6.7","5.9","5.6","5.3","5.4","5.1","",""
"Lebanon","LBN","Prevalence of undernourishment (% of population)","SN.ITK.DEFC.ZS","","","","","","","","","","","","","","","","","","","","","","","","","","","","","","","","","","","","","","","","","","7.8","8.6","9.6","10.7","10.9","10.5","9.9","9.4","7.6","5.7","4.2","4.6","5","5.5","5.9","6.2","6.8","7.1","9","10.9","",""
"Liberia","LBR","Prevalence of undernourishment (% of population)","SN.ITK.DEFC.ZS","","","","","","","","","","","","","","","","","","","","","","","","","","","","","","","","","","","","","","","","","","36.6","38.1","37.6","36.5","35.8","35.3","34.4","32.9","33.1","34.5","35.7","36.2","36.1","36.8","36.4","36.3","36.6","37.5","39.2","38.3","",""
"Libya","LBY","Prevalence of undernourishment (% of population)","SN.ITK.DEFC.ZS","","","","","","","","","","","","","","","","","","","","","","","","","","","","","","","","","","","","","","","","","","","","","","","","","","","","","","","","","","","","","","",""
"St. Lucia","LCA","Prevalence of undernourishment (% of population)","SN.ITK.DEFC.ZS","","","","","","","","","","","","","","","","","","","","","","","","","","","","","","","","","","","","","","","","","","","","","","","","","","","","","","","","","","","","","","",""
"Latin America & Caribbean","LCN","Prevalence of undernourishment (% of population)","SN.ITK.DEFC.ZS","","","","","","","","","","","","","","","","","","","","","","","","","","","","","","","","","","","","","","","","","","10.8014879178256","10.547497769955","10.3171808418346","9.76210975556023","9.32714621340239","8.79461855636972","8.27163723291441","7.96202190656513","7.40635218323103","6.94641283439605","6.40090661158784","6.13074694846919","5.78733931200203","5.66480000938424","6.0254782478807","6.40518798660971","6.79535714798843","6.83057803453744","7.14339290456633","7.79129127596935","",""
"Least developed countries: UN classification","LDC","Prevalence of undernourishment (% of population)","SN.ITK.DEFC.ZS","","","","","","","","","","","","","","","","","","","","","","","","","","","","","","","","","","","","","","","","","","31.3451848163232","30.3841155475112","29.502570121958","28.3824250581901","27.3090094220928","26.0837707112097","25.1387468519882","24.1910286681666","22.675631867422","21.3711350265251","20.1975531903018","19.9168730610951","19.6295391724708","19.5463955571031","19.8600659884371","19.990926298576","20.1325150028037","20.3278519330703","21.2851317972566","22.5063603984107","",""
"Low income","LIC","Prevalence of undernourishment (% of population)","SN.ITK.DEFC.ZS","","","","","","","","","","","","","","","","","","","","","","","","","","","","","","","","","","","","","","","","","","36.1680844721163","35.3895335923108","34.6511207421788","33.6047514273573","32.7537044032893","31.8082927951756","31.0346183735911","30.2529642718718","28.2026200157003","26.7640875300611","25.3306822182035","25.2560423445735","25.0547434489617","25.4196858863286","26.0866846524306","26.5585793617676","27.1043030425019","27.6505321647985","29.1968114754859","30.7604861691502","",""
"Liechtenstein","LIE","Prevalence of undernourishment (% of population)","SN.ITK.DEFC.ZS","","","","","","","","","","","","","","","","","","","","","","","","","","","","","","","","","","","","","","","","","","","","","","","","","","","","","","","","","","","","","","",""
"Sri Lanka","LKA","Prevalence of undernourishment (% of population)","SN.ITK.DEFC.ZS","","","","","","","","","","","","","","","","","","","","","","","","","","","","","","","","","","","","","","","","","","16.7","16.1","15.7","15","14","13.2","11.8","10.8","9.8","9.6","8.9","8.1","7","6","5.2","4.7","4.3","4.1","3.7","3.4","",""
"Lower middle income","LMC","Prevalence of undernourishment (% of population)","SN.ITK.DEFC.ZS","","","","","","","","","","","","","","","","","","","","","","","","","","","","","","","","","","","","","","","","","","17.9547889437714","18.5684000491821","18.8989466359255","18.7144522770642","17.9960410025484","16.5977801404012","15.2818627010953","14.6041280429824","14.1678275653383","13.6945451542038","13.1584576850774","12.7512328339535","12.5622967935012","12.3268011369504","12.0737842821534","11.6954285565106","11.3083953759329","11.263315133652","12.0728269698843","13.1814533549622","",""
"Low & middle income","LMY","Prevalence of undernourishment (% of population)","SN.ITK.DEFC.ZS","","","","","","","","","","","","","","","","","","","","","","","","","","","","","","","","","","","","","","","","","","15.4206014497155","15.4719734528818","15.3415497779717","14.9918862973554","14.3551829731816","13.3951859892676","12.4343294426488","11.7915273587193","11.0500556991659","10.5418610506213","10.0700030972146","9.82103662770468","9.66762798705439","9.59153941137224","9.54308336018623","9.43694098479649","9.31899503330741","9.38353542099859","9.98517318488573","10.7853402657217","",""
"Lesotho","LSO","Prevalence of undernourishment (% of population)","SN.ITK.DEFC.ZS","","","","","","","","","","","","","","","","","","","","","","","","","","","","","","","","","","","","","","","","","","20","18.5","16.8","15.3","13.7","12.8","12.4","12.3","11.9","11.6","12","14.8","19.3","26.1","30.3","32","29.5","28.7","31.2","34.7","",""
"Late-demographic dividend","LTE","Prevalence of undernourishment (% of population)","SN.ITK.DEFC.ZS","","","","","","","","","","","","","","","","","","","","","","","","","","","","","","","","","","","","","","","","","","10.0681305601574","9.40312030636799","8.6069705613223","7.99193604247012","7.34678714108456","6.72242547659001","5.91711093203055","5.22042311248257","4.34747089626927","4.05542664599509","3.89313839959126","3.79472824023669","3.68638605670078","3.61435142125274","3.55846205395654","3.54067464955695","3.52315160293591","3.49748186942865","3.52255659197811","3.69496416931964","",""
"Lithuania,"LTU","Prevalence of undernourishment (% of population)","SN.ITK.DEFC.ZS","","","","","","","","","","","","","","","","","","","","","","","","","","","","","","","","","","","","","","","","","","2.5","2.5","2.5","2.5","2.5","2.5","2.5","2.5","2.5","2.5","2.5","2.5","2.5","2.5","2.5","2.5","2.5","2.5","2.5","2.5","",""
"Luxembourg","LUX","Prevalence of undernourishment (% of population)","SN.ITK.DEFC.ZS","","","","","","","","","","","","","","","","","","","","","","","","","","","","","","","","","","","","","","","","","","2.5","2.5","2.5","2.5","2.5","2.5","2.5","2.5","2.5","2.5","2.5","2.5","2.5","2.5","2.5","2.5","2.5","2.5","2.5","2.5","",""
"Latvia","LVA","Prevalence of undernourishment (% of population)","SN.ITK.DEFC.ZS","","","","","","","","","","","","","","","","","","","","","","","","","","","","","","","","","","","","","","","","","","4.6","3.4","2.8","2.5","2.5","2.5","2.5","2.5","2.5","2.5","2.5","2.5","2.5","2.5","2.5","2.5","2.5","2.5","2.5","2.5","",""
"Macao SAR", China,"MAC","Prevalence of undernourishment (% of population)","SN.ITK.DEFC.ZS","","","","","","","","","","","","","","","","","","","","","","","","","","","","","","","","","","","","","","","","","","21.2","20.6","19.1","17.3","16","15.2","14.9","14.5","12.4","9.7","7.2","6.5","6","5.5","5.1","5","4.9","4.7","4.6","4.8",""
"St. Martin (French part)","MAF","Prevalence of undernourishment (% of population)","SN.ITK.DEFC.ZS","","","","","","","","","","","","","","","","","","","","","","","","","","","","","","","","","","","","","","","","","","","","","","","","","","","","","","","","","","","","","","",""
"Morocco","MAR","Prevalence of undernourishment (% of population)","SN.ITK.DEFC.ZS","","","","","","","","","","","","","","","","","","","","","","","","","","","","","","","","","","","","","","","","","","6.3","5.9","5.6","5.5","5.5","5.6","5.5","5.6","5.4","5.1","4.6","4.4","4.2","4.1","3.8","3.8","3.7","3.8","4.4","5.6","",""
"Monaco","MCO","Prevalence of undernourishment (% of population)","SN.ITK.DEFC.ZS","","","","","","","","","","","","","","","","","","","","","","","","","","","","","","","","","","","","","","","","","","","","","","","","","","","","","","","","","","","","","","",""
"Moldova","MDA","Prevalence of undernourishment (% of population)","SN.ITK.DEFC.ZS","","","","","","","","","","","","","","","","","","","","","","","","","","","","","","","","","","","","","","","","","","","","","","","","","","","","","","","","","","","","","","",""
"Madagascar","MDG","Prevalence of undernourishment (% of population)","SN.ITK.DEFC.ZS","","","","","","","","","","","","","","","","","","","","","","","","","","","","","","","","","","","","","","","","","","33.8","35.2","36.5","35","33.4","31","30.5","30.4","29.7","28.2","27.3","29.4","33","37.6","40.2","41.6","42.3","44.3","47.4","48.5","",""
"Maldives","MDV","Prevalence of undernourishment (% of population)","SN.ITK.DEFC.ZS","","","","","","","","","","","","","","","","","","","","","","","","","","","","","","","","","","","","","","","","","","","","","","","","","","","","","","","","","","","","","","",""
"Middle East & North Africa","MEA","Prevalence of undernourishment (% of population)","SN.ITK.DEFC.ZS","","","","","","","","","","","","","","","","","","","","","","","","","","","","","","","","","","","","","","","","","","8.4094102099443","8.4039509820215","8.44896043774074","8.48831505539595","8.36256359883288","8.20724466191824","8.05944380056732","7.92051683038367","7.4841963404614","7.5463453589797","7.49407733235738","7.76551103523709","7.59556933648387","7.86342386136984","8.29097577834121","8.67996565708461","8.88193931821185","8.75685531918774","8.72201753442168","8.56355099627972","",""
"Mexico","MEX","Prevalence of undernourishment (% of population)","SN.ITK.DEFC.ZS","","","","","","","","","","","","","","","","","","","","","","","","","","","","","","","","","","","","","","","","","","3.3","3.7","4.3","4.6","4.4","4.1","4.1","4.5","4.7","4.8","4.7","4.6","4.2","4.4","5","5.8","6.1","6","6","6.1","",""
"Marshall Islands","MHL","Prevalence of undernourishment (% of population)","SN.ITK.DEFC.ZS","","","","","","","","","","","","","","","","","","","","","","","","","","","","","","","","","","","","","","","","","","","","","","","","","","","","","","","","","","","","","","",""
"Middle income","MIC","Prevalence of undernourishment (% of population)","SN.ITK.DEFC.ZS","","","","","","","","","","","","","","","","","","","","","","","","","","","","","","","","","","","","","","","","","","13.9793263477917","14.065823495304","13.9548031131721","13.6346694551705","12.9924217523945","12.0084262071018","11.0115610620162","10.3573124853311","9.69567661749578","9.24081671789549","8.82684523810546","8.54396375627857","8.37462016914531","8.2397566223887","8.10713525223457","7.92585383903543","7.72207481138968","7.71512626597448","8.20015391252076","8.89610519512365","",""
"North Macedonia","MKD","Prevalence of undernourishment (% of population)","SN.ITK.DEFC.ZS","","","","","","","","","","","","","","","","","","","","","","","","","","","","","","","","","","","","","","","","","","7.5","7.5","5.8","5.5","5","4.4","3.6","2.9","3.1","3.4","3.6","3.7","3.6","3.5","3.3","3","2.8","2.5","3.1","3.3","",""
"Mali","MLI","Prevalence of undernourishment (% of population)","SN.ITK.DEFC.ZS","","","","","","","","","","","","","","","","","","","","","","","","","","","","","","","","","","","","","","","","","","16.2","15.2","15.1","14.4","13.3","11.9","10.4","9.4","7.4","5.8","4.2","3.9","3.7","3.6","3.4","3.1","3.1","3.4","5.6","9.8","",""
"Malta","MLT","Prevalence of undernourishment (% of population)","SN.ITK.DEFC.ZS","","","","","","","","","","","","","","","","","","","","","","","","","","","","","","","","","","","","","","","","","","2.5","2.5","2.5","2.5","2.5","2.5","2.5","2.5","2.5","2.5","2.5","2.5","2.5","2.5","2.5","2.5","2.5","2.5","2.5","2.5","",""
"Myanmar","MMR","Prevalence of undernourishment (% of population)","SN.ITK.DEFC.ZS","","","","","","","","","","","","","","","","","","","","","","","","","","","","","","","","","","","","","","","","","","37.6","34.8","32.4","30.2","27.8","24.5","20.5","17.1","12.9","10.2","7.8","7.1","6.1","5.1","4.2","3.5","3","2.6","2.5","3.1","",""
"Middle East & North Africa (excluding high income)","MNA","Prevalence of undernourishment (% of population)","SN.ITK.DEFC.ZS","","","","","","","","","","","","","","","","","","","","","","","","","","","","","","","","","","","","","","","","","","8.93707415079116","8.92403756390128","8.95579752646743","8.99372053785337","8.86029563722288","8.71261520634578","8.52798711580646","8.32700251925343","7.81174269355967","7.85582674695627","7.8434121185698","8.19049534143994","8.09071045935678","8.43705446327863","8.98218602531891","9.43872539021258","9.67466753780318","9.5354395113101","9.4831125127725","9.30528622877649","",""
"Montenegro","MNE","Prevalence of undernourishment (% of population)","SN.ITK.DEFC.ZS","","","","","","","","","","","","","","","","","","","","","","","","","","","","","","","","","","","","","","","","","","9.6","9.2","8.4","7.7","5.5","3.1","2.5","2.5","2.5","2.5","2.5","2.5","2.5","2.5","2.5","2.5","2.5","2.5","2.5","2.5","",""
"Mongolia","MNG","Prevalence of undernourishment (% of population)","SN.ITK.DEFC.ZS","","","","","","","","","","","","","","","","","","","","","","","","","","","","","","","","","","","","","","","","","","31.1","30.6","30.8","30.7","29.6","27.4","25.2","22.3","19.6","16.5","14.1","12.5","11.4","10.1","8.4","7.4","6.3","5.5","4","3.6","",""
"Northern Mariana Islands","MNP","Prevalence of undernourishment (% of population)","SN.ITK.DEFC.ZS","","","","","","","","","","","","","","","","","","","","","","","","","","","","","","","","","","","","","","","","","","","","","","","","","","","","","","","","","","","","","","",""
"Mozambique","MOZ","Prevalence of undernourishment (% of population)","SN.ITK.DEFC.ZS","","","","","","","","","","","","","","","","","","","","","","","","","","","","","","","","","","","","","","","","","","36.5","35.2","34.1","34.1","33.3","32.4","29.9","28.6","25.8","24.1","21.8","21","22.4","25.7","29.7","31.5","31.4","31","31.8","32.7","",""
"Mauritania","MRT","Prevalence of undernourishment (% of population)","SN.ITK.DEFC.ZS","","","","","","","","","","","","","","","","","","","","","","","","","","","","","","","","","","","","","","","","","","8.3","7.9","8.3","8.5","9.4","8.8","8.1","7.3","7.8","8.2","8.3","7.9","7.9","8","8.3","8.5","8.5","8.6","9.2","10.1","",""
"Mauritius","MUS","Prevalence of undernourishment (% of population)","SN.ITK.DEFC.ZS","","","","","","","","","","","","","","","","","","","","","","","","","","","","","","","","","","","","","","","","","","5.7","5.6","5.4","5.2","5.1","5","5.2","5","4.7","4.3","4.5","4.9","5.2","5.3","5.6","5.8","6","6","7.2","7.8","",""
"Malawi","MWI","Prevalence of undernourishment (% of population)","SN.ITK.DEFC.ZS","","","","","","","","","","","","","","","","","","","","","","","","","","","","","","","","","","","","","","","","","","23.6","23.8","24.6","24","22.5","20.8","19.3","19","17.1","15.5","13.7","14","14.8","15.4","16","16.1","16.6","16.8","17.6","17.8","",""
"Malaysia","MYS","Prevalence of undernourishment (% of population)","SN.ITK.DEFC.ZS","","","","","","","","","","","","","","","","","","","","","","","","","","","","","","","","","","","","","","","","","","2.5","2.8","2.9","3.1","3.2","3.4","3.6","3.6","3.7","3.4","3.3","3.3","3.5","3.6","3.8","3.5","3.2","2.7","2.6","2.5","",""
"North America","NAC","Prevalence of undernourishment (% of population)","SN.ITK.DEFC.ZS","","","","","","","","","","","","","","","","","","","","","","","","","","","","","","","","","","","","","","","","","","2.5","2.5","2.5","2.5","2.5","2.5","2.5","2.5","2.5","2.5","2.5","2.5","2.5","2.5","2.5","2.5","2.5","2.5","2.5","2.5","",""
"Namibia","NAM","Prevalence of undernourishment (% of population)","SN.ITK.DEFC.ZS","","","","","","","","","","","","","","","","","","","","","","","","","","","","","","","","","","","","","","","","","","13.5","14.5","15.7","16.6","18.2","20.1","23.5","27.6","29.5","28.8","25.5","23.5","22.2","21.5","21","20.2","19.9","20","18.9","18","",""
"New Caledonia","NCL","Prevalence of undernourishment (% of population)","SN.ITK.DEFC.ZS","","","","","","","","","","","","","","","","","","","","","","","","","","","","","","","","","","","","","","","","","","8.4","8.7","9.1","9.5","9.6","9.5","9.4","9.1","8.2","7.3","6.6","6.6","6.4","6.2","6.2","6.5","6.7","6.8","6.8","6.8","",""
"Niger","NER","Prevalence of undernourishment (% of population)","SN.ITK.DEFC.ZS","","","","","","","","","","","","","","","","","","","","","","","","","","","","","","","","","","","","","","","","","","","","","","","","","","","","","","","","","","","","","","",""
"Nigeria","NGA","Prevalence of undernourishment (% of population)","SN.ITK.DEFC.ZS","","","","","","","","","","","","","","","","","","","","","","","","","","","","","","","","","","","","","","","","","","8.9","8.9","8.6","7.9","7.1","6.7","6.6","6.8","7.5","8.2","8.8","9.1","9.1","9.2","9.2","9.4","10","10.4","12","12.7","",""
"Nicaragua","NIC","Prevalence of undernourishment (% of population)","SN.ITK.DEFC.ZS","","","","","","","","","","","","","","","","","","","","","","","","","","","","","","","","","","","","","","","","","","27.5","25.2","25","24","23.3","22.2","21.6","21.2","20.8","20","19.2","19","19.3","19.7","19","18","17.2","17.4","17.5","18.6","",""
"Netherlands","NLD","Prevalence of undernourishment (% of population)","SN.ITK.DEFC.ZS","","","","","","","","","","","","","","","","","","","","","","","","","","","","","","","","","","","","","","","","","","2.5","2.5","2.5","2.5","2.5","2.5","2.5","2.5","2.5","2.5","2.5","2.5","2.5","2.5","2.5","2.5","2.5","2.5","2.5","2.5","",""
"Norway","NOR","Prevalence of undernourishment (% of population)","SN.ITK.DEFC.ZS","","","","","","","","","","","","","","","","","","","","","","","","","","","","","","","","","","","","","","","","","","2.5","2.5","2.5","2.5","2.5","2.5","2.5","2.5","2.5","2.5","2.5","2.5","2.5","2.5","2.5","2.5","2.5","2.5","2.5","2.5","",""
"Nepal","NPL","Prevalence of undernourishment (% of population)","SN.ITK.DEFC.ZS","","","","","","","","","","","","","","","","","","","","","","","","","","","","","","","","","","","","","","","","","","23.5","21.7","19.8","17.6","16.8","15.9","14.9","13","11.2","9.9","8.6","7.7","6.8","6.1","5.3","4.5","4.2","4.3","4.8","5.5","",""
"Nauru","NRU","Prevalence of undernourishment (% of population)","SN.ITK.DEFC.ZS","","","","","","","","","","","","","","","","","","","","","","","","","","","","","","","","","","","","","","","","","","","","","","","","","","","","","","","","","","","","","","",""
"New Zealand","NZL","Prevalence of undernourishment (% of population)","SN.ITK.DEFC.ZS","","","","","","","","","","","","","","","","","","","","","","","","","","","","","","","","","","","","","","","","","","2.5","2.5","2.5","2.5","2.5","2.5","2.5","2.5","2.5","2.5","2.5","2.5","2.5","2.5","2.5","2.5","2.5","2.5","2.5","2.5","",""
"OECD members","OED","Prevalence of undernourishment (% of population)","SN.ITK.DEFC.ZS","","","","","","","","","","","","","","","","","","","","","","","","","","","","","","","","","","","","","","","","","","2.81027461101851","2.85908439983977","2.93333256095805","2.98569758128782","2.98310888307188","2.96569521753644","2.95296796557337","3.00174772883444","3.06087497430501","3.11116512675572","3.06908398919052","3.00360421404868","2.90562557324417","2.87521263360915","2.89445045758301","2.94820238921173","2.96549993966727","2.96545354645328","3.0317208283863","3.11735876679641","",""
"Oman","OMN","Prevalence of undernourishment (% of population)","SN.ITK.DEFC.ZS","","","","","","","","","","","","","","","","","","","","","","","","","","","","","","","","","","","","","","","","","","12.3","11.3","11","10.1","9.6","9.6","9.7","9.7","8.6","7.7","6.8","6.6","6.6","7.1","8.1","8.4","8.4","7.9","8.8","9.8","",""
"Other small states","OSS","Prevalence of undernourishment (% of population)","SN.ITK.DEFC.ZS","","","","","","","","","","","","","","","","","","","","","","","","","","","","","","","","","","","","","","","","","","15.8218653234278","15.7194902919496","15.4257101342388","15.0940288576488","14.9228658503834","14.7643072155124","14.9275888971687","15.1336938398877","15.0760942376817","14.522974541683","13.7611329717942","13.5115875015525","13.5789809549223","14.0829693382234","14.5338545974449","14.8516585841856","14.8476263723626","14.9635106404792","15.7055140929536","16.6547237860906","",""
"Pakistan","PAK","Prevalence of undernourishment (% of population)","SN.ITK.DEFC.ZS","","","","","","","","","","","","","","","","","","","","","","","","","","","","","","","","","","","","","","","","","","21.1","21.8","21","19","17.6","16.4","15.8","15.8","15.6","15.4","15.1","14.7","14.2","13.4","12.8","12.4","12.1","12.3","14.1","16.9","",""
"Panama","PAN","Prevalence of undernourishment (% of population)","SN.ITK.DEFC.ZS","","","","","","","","","","","","","","","","","","","","","","","","","","","","","","","","","","","","","","","","","","24.5","20.5","21","21.3","21.6","18.5","16.2","14.1","12.4","10.9","9.1","8.4","8.2","8.3","8.1","7.8","6.7","6","5.4","5.8","",""
"Peru","PER","Prevalence of undernourishment (% of population)","SN.ITK.DEFC.ZS","","","","","","","","","","","","","","","","","","","","","","","","","","","","","","","","","","","","","","","","","","21.5","22.9","23.1","21.7","18.8","15.7","13.7","11.6","9.7","8.7","7.7","6.7","5.7","5.4","5.9","6.9","7.6","7.6","8.1","8.3","",""
"Philippines","PHL","Prevalence of undernourishment (% of population)","SN.ITK.DEFC.ZS","","","","","","","","","","","","","","","","","","","","","","","","","","","","","","","","","","","","","","","","","","18.7","18.4","17","15.9","14.4","13.2","12.1","11.3","11.5","12.2","12.4","12.1","11.6","11.1","10.2","8.8","7.5","6.2","5.5","5.2","",""
"Palau","PLW","Prevalence of undernourishment (% of population)","SN.ITK.DEFC.ZS","","","","","","","","","","","","","","","","","","","","","","","","","","","","","","","","","","","","","","","","","","","","","","","","","","","","","","","","","","","","","","",""
"Papua New Guinea","PNG","Prevalence of undernourishment (% of population)","SN.ITK.DEFC.ZS","","","","","","","","","","","","","","","","","","","","","","","","","","","","","","","","","","","","","","","","","","26.3","27","27.7","28.6","27.4","27.3","26.6","27","26.6","26.2","25","24","23.3","23.1","23","23.2","23.1","22.6","21.9","21.6","",""
"Poland","POL","Prevalence of undernourishment (% of population)","SN.ITK.DEFC.ZS","","","","","","","","","","","","","","","","","","","","","","","","","","","","","","","","","","","","","","","","","","2.5","2.5","2.5","2.5","2.5","2.5","2.5","2.5","2.5","2.5","2.5","2.5","2.5","2.5","2.5","2.5","2.5","2.5","2.5","2.5","",""
"Pre-demographic dividend","PRE","Prevalence of undernourishment (% of population)","SN.ITK.DEFC.ZS","","","","","","","","","","","","","","","","","","","","","","","","","","","","","","","","","","","","","","","","","","26.2530663621799","26.0857460682544","25.5335035287143","24.6343478335786","23.391586868645","22.35271500583","21.6872639316772","21.2070705451536","20.2084699280106","19.1302362224948","18.2341171775969","18.1089804778536","18.0782287069641","18.3723737695266","18.9034375398584","19.367691932525","19.7537534654819","19.9211259032876","20.9603261257184","21.9030398670526","",""
"Puerto Rico","PRI","Prevalence of undernourishment (% of population)","SN.ITK.DEFC.ZS","","","","","","","","","","","","","","","","","","","","","","","","","","","","","","","","","","","","","","","","","","","","","","","","","","","","","","","","","","","","","","",""
"Korea", Dem. People's Rep.,"PRK","Prevalence of undernourishment (% of population)","SN.ITK.DEFC.ZS","","","","","","","","","","","","","","","","","","","","","","","","","","","","","","","","","","","","","","","","","","35.7","34.8","32.3","32.6","33.8","36.1","38.2","39.7","39.6","39.1","38.2","38.6","38.6","39.6","40.3","41.2","42.9","42.6","43","41.6",""
"Portugal","PRT","Prevalence of undernourishment (% of population)","SN.ITK.DEFC.ZS","","","","","","","","","","","","","","","","","","","","","","","","","","","","","","","","","","","","","","","","","","2.5","2.5","2.5","2.5","2.5","2.5","2.5","2.5","2.5","2.5","2.5","2.5","2.5","2.5","2.5","2.5","2.5","2.5","2.5","2.5","",""
"Paraguay","PRY","Prevalence of undernourishment (% of population)","SN.ITK.DEFC.ZS","","","","","","","","","","","","","","","","","","","","","","","","","","","","","","","","","","","","","","","","","","10.5","9.3","8.8","9.1","9.5","9.7","9.4","9.6","8.8","7.7","7.2","7.2","7.4","7.1","7.4","7.7","7.8","7.8","8.2","8.7","",""
"West Bank and Gaza","PSE","Prevalence of undernourishment (% of population)","SN.ITK.DEFC.ZS","","","","","","","","","","","","","","","","","","","","","","","","","","","","","","","","","","","","","","","","","","","","","","","","","","","","","","","","","","","","","","",""
"Pacific island small states","PSS","Prevalence of undernourishment (% of population)","SN.ITK.DEFC.ZS","","","","","","","","","","","","","","","","","","","","","","","","","","","","","","","","","","","","","","","","","","6.69473042665588","6.57114848642333","6.50242496358905","6.47529258423342","6.4085024365799","6.50120599418285","6.47222554496453","6.74437219842909","7.10151843652459","7.68000655069035","8.44643764681183","8.9716657453014","9.5778307171372","9.7682485840187","10.0690011549082","10.0678328198099","10.0988902206628","9.88613280604121","9.72212700223097","10.1306784593035","",""
"Post-demographic dividend","PST","Prevalence of undernourishment (% of population)","SN.ITK.DEFC.ZS","","","","","","","","","","","","","","","","","","","","","","","","","","","","","","","","","","","","","","","","","","2.56560802430329","2.53927596124106","2.54125186116389","2.54023825021854","2.52489917917249","2.52567095938331","2.52182586582623","2.52074899367616","2.52876893525295","2.53852232270041","2.51321367810541","2.51079103542143","2.50710744969221","2.5074716857491","2.50784320747896","2.50841356214932","2.50506416644596","2.50361029061594","2.54302089440135","2.59616139600716","",""
"French Polynesia","PYF","Prevalence of undernourishment (% of population)","SN.ITK.DEFC.ZS","","","","","","","","","","","","","","","","","","","","","","","","","","","","","","","","","","","","","","","","","","4.2","4.1","3.9","3.9","3.8","3.8","3.8","3.7","3.6","3.5","3.6","3.6","3.6","3.5","3.6","3.8","4","4.1","4.1","4","",""
"Qatar","QAT","Prevalence of undernourishment (% of population)","SN.ITK.DEFC.ZS","","","","","","","","","","","","","","","","","","","","","","","","","","","","","","","","","","","","","","","","","","","","","","","","","","","","","","","","","","","","","","",""
"Romania","ROU","Prevalence of undernourishment (% of population)","SN.ITK.DEFC.ZS","","","","","","","","","","","","","","","","","","","","","","","","","","","","","","","","","","","","","","","","","","2.5","2.5","2.5","2.5","2.5","2.5","2.5","2.5","2.5","2.5","2.5","2.5","2.5","2.5","2.5","2.5","2.5","2.5","2.5","2.5","",""
"Russian Federation","RUS","Prevalence of undernourishment (% of population)","SN.ITK.DEFC.ZS","","","","","","","","","","","","","","","","","","","","","","","","","","","","","","","","","","","","","","","","","","4","3.3","2.8","2.5","2.5","2.5","2.5","2.5","2.5","2.5","2.5","2.5","2.5","2.5","2.5","2.5","2.5","2.5","2.5","2.5","",""
"Rwanda","RWA","Prevalence of undernourishment (% of population)","SN.ITK.DEFC.ZS","","","","","","","","","","","","","","","","","","","","","","","","","","","","","","","","","","","","","","","","","","38.5","35.2","34.6","35.9","35.3","33.7","32.3","29.5","29.9","31.4","34.3","34.5","34.8","35.1","35.3","34.9","34.7","34.7","35.2","35.8","",""
"South Asia","SAS","Prevalence of undernourishment (% of population)","SN.ITK.DEFC.ZS","","","","","","","","","","","","","","","","","","","","","","","","","","","","","","","","","","","","","","","","","","18.9404324724705","20.1728482254995","21.0246946799467","21.1238724594234","20.5210049093057","18.786023838783","17.0634390695382","16.266304903491","16.0355802264651","15.6921774937885","15.2930400202052","14.8236293695804","14.7069255970245","14.4385787378333","14.1315672942742","13.5727560332385","12.9540690754095","12.9858891961496","14.1897755888445","15.8972667502715","",""
"Saudi Arabia","SAU","Prevalence of undernourishment (% of population)","SN.ITK.DEFC.ZS","","","","","","","","","","","","","","","","","","","","","","","","","","","","","","","","","","","","","","","","","","4.9","5","5.1","5","4.8","4.5","4.8","5.5","5.6","5.9","5.4","5.4","4.6","4.3","3.7","3.7","3.7","3.8","3.9","3.7","",""
"Sudan","SDN","Prevalence of undernourishment (% of population)","SN.ITK.DEFC.ZS","","","","","","","","","","","","","","","","","","","","","","","","","","","","","","","","","","","","","","","","","","21.5","20.3","20","19.7","18.9","17.6","16.7","16.3","16.5","16.5","15.5","13.5","11.7","11.1","11.2","11.8","11.8","11.8","11.7","12.8","",""
"Senegal","SEN","Prevalence of undernourishment (% of population)","SN.ITK.DEFC.ZS","","","","","","","","","","","","","","","","","","","","","","","","","","","","","","","","","","","","","","","","","","24.1","22.9","21.4","19.6","18.1","16.5","13.6","11.9","11","11.3","11.5","11.9","12","11.8","10.7","9.5","8.5","7.8","7.4","7.5","",""
"Singapore","SGP","Prevalence of undernourishment (% of population)","SN.ITK.DEFC.ZS","","","","","","","","","","","","","","","","","","","","","","","","","","","","","","","","","","","","","","","","","","","","","","","","","","","","","","","","","","","","","","",""
"Solomon Islands","SLB","Prevalence of undernourishment (% of population)","SN.ITK.DEFC.ZS","","","","","","","","","","","","","","","","","","","","","","","","","","","","","","","","","","","","","","","","","","13.3","13.1","12.6","12.7","12.5","12.8","12.6","13.2","13","13.7","14.7","16.5","18","18.7","18.5","18.1","17.7","17.6","17.8","18.1","",""
"Sierra Leone","SLE","Prevalence of undernourishment (% of population)","SN.ITK.DEFC.ZS","","","","","","","","","","","","","","","","","","","","","","","","","","","","","","","","","","","","","","","","","","50.7","49.8","49.4","48.8","46.7","43.7","41.7","40.3","34.9","29.1","24.4","24.3","25.4","25","25.8","25.9","27.2","27.7","27.9","27.4","",""
"El Salvador","SLV","Prevalence of undernourishment (% of population)","SN.ITK.DEFC.ZS","","","","","","","","","","","","","","","","","","","","","","","","","","","","","","","","","","","","","","","","","","7.2","7.1","7.9","8.7","9.1","9.4","9.7","9.9","10.2","10.5","10.7","10.7","10.7","10.8","10.6","9.9","9.2","8.4","8.3","7.7","",""
"San Marino","SMR","Prevalence of undernourishment (% of population)","SN.ITK.DEFC.ZS","","","","","","","","","","","","","","","","","","","","","","","","","","","","","","","","","","","","","","","","","","","","","","","","","","","","","","","","","","","","","","",""
"Somalia","SOM","Prevalence of undernourishment (% of population)","SN.ITK.DEFC.ZS","","","","","","","","","","","","","","","","","","","","","","","","","","","","","","","","","","","","","","","","","","70.6","70.5","70.6","70.7","70.8","70.9","70.9","70.8","70.9","70.4","68.7","65.9","62.4","60.4","59.9","59.7","58.9","56.6","54.8","53.1","",""
"Serbia","SRB","Prevalence of undernourishment (% of population)","SN.ITK.DEFC.ZS","","","","","","","","","","","","","","","","","","","","","","","","","","","","","","","","","","","","","","","","","","3.1","3","2.7","2.5","2.5","2.5","2.5","2.5","2.5","2.5","2.6","2.6","3.2","3.7","4.1","4.2","4","3.8","3.7","3.3","",""
"Sub-Saharan Africa (excluding high income)","SSA","Prevalence of undernourishment (% of population)","SN.ITK.DEFC.ZS","","","","","","","","","","","","","","","","","","","","","","","","","","","","","","","","","","","","","","","","","","25.9321999965331","25.4898606821177","25.0399231711073","24.0224296952571","22.8910035869267","21.9426464383626","21.4421343341422","20.9808538169775","19.7187739177935","18.515283221683","17.3803896253369","17.0689711874508","16.9079250524945","17.0033926925973","17.312445107064","17.6313098242544","18.0932323849808","18.5138041579438","19.7710560673705","20.9011543514521","",""
"South Sudan","SSD","Prevalence of undernourishment (% of population)","SN.ITK.DEFC.ZS","","","","","","","","","","","","","","","","","","","","","","","","","","","","","","","","","","","","","","","","","","","","","","","","","","","","","","","","","","","","","","",""
"Sub-Saharan Africa","SSF","Prevalence of undernourishment (% of population)","SN.ITK.DEFC.ZS","","","","","","","","","","","","","","","","","","","","","","","","","","","","","","","","","","","","","","","","","","25.9321999965331","25.4898606821177","25.0399231711073","24.0224296952571","22.8910035869267","21.9426464383626","21.4421343341422","20.9808538169775","19.7187739177935","18.515283221683","17.3803896253369","17.0689711874508","16.9079250524945","17.0033926925973","17.312445107064","17.6313098242544","18.0932323849808","18.5138041579438","19.7710560673705","20.9011543514521","",""
"Small states","SST","Prevalence of undernourishment (% of population)","SN.ITK.DEFC.ZS","","","","","","","","","","","","","","","","","","","","","","","","","","","","","","","","","","","","","","","","","","13.3353084084728","13.2205953218041","13.0573494214901","12.8470899418635","12.7329906864903","12.6076890633701","12.7765268665941","12.9978501076734","13.0326240932456","12.6553531271289","12.1525144266444","11.9693694755031","12.0495366866515","12.3868708274074","12.7924986885466","12.9834921738258","12.9607567111033","12.9242309039677","13.4050636323968","14.0969861420811","",""
"Sao Tome and Principe","STP","Prevalence of undernourishment (% of population)","SN.ITK.DEFC.ZS","","","","","","","","","","","","","","","","","","","","","","","","","","","","","","","","","","","","","","","","","","14.7","12.8","11.2","9.8","9","9","9.8","11.1","12.1","13","13.5","13.3","12.9","13","12.9","12.9","12.5","12.8","13","13.5","",""
"Suriname","SUR","Prevalence of undernourishment (% of population)","SN.ITK.DEFC.ZS","","","","","","","","","","","","","","","","","","","","","","","","","","","","","","","","","","","","","","","","","","11.8","11.5","10.9","10.3","9.7","8.8","8.8","8.3","7.7","7.3","7.4","7.4","7.1","7.3","7.8","8.3","8.3","8","8","8.2","",""
"Slovak Republic","SVK","Prevalence of undernourishment (% of population)","SN.ITK.DEFC.ZS","","","","","","","","","","","","","","","","","","","","","","","","","","","","","","","","","","","","","","","","","","6.1","6.2","6","5.8","5.5","5.6","5.4","4.9","4.7","5","5.8","5.6","5.4","5.8","5.8","5.6","4.4","3.9","3.7","3.8","",""
"Slovenia","SVN","Prevalence of undernourishment (% of population)","SN.ITK.DEFC.ZS","","","","","","","","","","","","","","","","","","","","","","","","","","","","","","","","","","","","","","","","","","2.5","2.5","2.5","2.5","2.5","2.5","2.5","2.5","2.5","2.5","2.5","2.5","2.5","2.5","2.5","2.5","2.5","2.5","2.5","2.5","",""
"Sweden","SWE","Prevalence of undernourishment (% of population)","SN.ITK.DEFC.ZS","","","","","","","","","","","","","","","","","","","","","","","","","","","","","","","","","","","","","","","","","","2.5","2.5","2.5","2.5","2.5","2.5","2.5","2.5","2.5","2.5","2.5","2.5","2.5","2.5","2.5","2.5","2.5","2.5","2.5","2.5","",""
"Eswatini","SWZ","Prevalence of undernourishment (% of population)","SN.ITK.DEFC.ZS","","","","","","","","","","","","","","","","","","","","","","","","","","","","","","","","","","","","","","","","","","10.5","9.7","8.3","8.4","9.2","10.2","10.7","10.9","15","17.6","19.3","16.2","13.8","12.7","12.8","13","12.4","11.8","11.1","11","",""
"Sint Maarten (Dutch part)","SXM","Prevalence of undernourishment (% of population)","SN.ITK.DEFC.ZS","","","","","","","","","","","","","","","","","","","","","","","","","","","","","","","","","","","","","","","","","","","","","","","","","","","","","","","","","","","","","","",""
"Seychelles","SYC","Prevalence of undernourishment (% of population)","SN.ITK.DEFC.ZS","","","","","","","","","","","","","","","","","","","","","","","","","","","","","","","","","","","","","","","","","","","","","","","","","","","","","","","","","","","","","","",""
"Syrian Arab Republic","SYR","Prevalence of undernourishment (% of population)","SN.ITK.DEFC.ZS","","","","","","","","","","","","","","","","","","","","","","","","","","","","","","","","","","","","","","","","","","","","","","","","","","","","","","","","","","","","","","",""
"Turks and Caicos Islands","TCA","Prevalence of undernourishment (% of population)","SN.ITK.DEFC.ZS","","","","","","","","","","","","","","","","","","","","","","","","","","","","","","","","","","","","","","","","","","","","","","","","","","","","","","","","","","","","","","",""
"Chad","TCD","Prevalence of undernourishment (% of population)","SN.ITK.DEFC.ZS","","","","","","","","","","","","","","","","","","","","","","","","","","","","","","","","","","","","","","","","","","38.8","37.6","38","37.1","37.8","38.4","39.2","40.1","35.7","31.4","26","25.4","25.6","27","28","28.5","29.1","30.3","31.7","32.7","",""
"East Asia & Pacific (IDA & IBRD countries)","TEA","Prevalence of undernourishment (% of population)","SN.ITK.DEFC.ZS","","","","","","","","","","","","","","","","","","","","","","","","","","","","","","","","","","","","","","","","","","13.0242122460428","12.3937257169042","11.5560404923159","10.9164348369248","10.0920377208462","9.24553583495057","8.20568020758189","7.21996074345017","5.97832005288246","5.37171476447073","4.93934881433393","4.69385638128894","4.46323823669865","4.35491532539298","4.15889759245008","3.98244477995826","3.78447176555135","3.67665172090247","3.64933018554177","3.69664132484729","",""
"Europe & Central Asia (IDA & IBRD countries)","TEC","Prevalence of undernourishment (% of population)","SN.ITK.DEFC.ZS","","","","","","","","","","","","","","","","","","","","","","","","","","","","","","","","","","","","","","","","","","4.95322840348369","4.6106973771466","4.31029741223527","3.98608722453952","3.75185488578374","3.53317417283","3.39543375180468","3.32221994635538","3.11261368313915","2.90023534434791","2.68767287487493","2.66719880624603","2.6609344986604","2.66395984023362","2.67236027111001","2.67127521072954","2.65553910187363","2.64011990746313","2.65125899613137","2.66587808208969","",""
"Togo","TGO","Prevalence of undernourishment (% of population)","SN.ITK.DEFC.ZS","","","","","","","","","","","","","","","","","","","","","","","","","","","","","","","","","","","","","","","","","","31.3","31.1","29.8","28.7","27.7","27.2","26.2","25.5","23","20.8","19.4","19.4","19.4","20.2","20.5","21.2","21","20.7","20.1","18.8","",""
"Thailand","THA","Prevalence of undernourishment (% of population)","SN.ITK.DEFC.ZS","","","","","","","","","","","","","","","","","","","","","","","","","","","","","","","","","","","","","","","","","","17.3","16.4","15","13.7","11.9","10.6","10.2","10.6","10.3","9.9","9","8.8","8.2","7.8","7.3","7.5","7.7","7.8","8","8.8","",""
"Tajikistan","TJK","Prevalence of undernourishment (% of population)","SN.ITK.DEFC.ZS","","","","","","","","","","","","","","","","","","","","","","","","","","","","","","","","","","","","","","","","","","","","","","","","","","","","","","","","","","","","","","",""
"Turkmenistan","TKM","Prevalence of undernourishment (% of population)","SN.ITK.DEFC.ZS","","","","","","","","","","","","","","","","","","","","","","","","","","","","","","","","","","","","","","","","","","6.8","6.2","5.2","4.5","4.2","4","3.9","4","4.2","4.3","4.3","4.3","3.9","3.6","3.4","3.4","3.5","3.5","3.5","3.5","",""
"Latin America & the Caribbean (IDA & IBRD countries)","TLA","Prevalence of undernourishment (% of population)","SN.ITK.DEFC.ZS","","","","","","","","","","","","","","","","","","","","","","","","","","","","","","","","","","","","","","","","","","10.9842794849195","10.7227706625477","10.4853096209214","9.91674919574124","9.47089947535344","8.92597159644417","8.39064109788206","8.07354503246316","7.50554410903222","7.03540936900065","6.47808834508832","6.20168591190214","5.85084753721434","5.72530691694125","6.09236229112073","6.47856656157358","6.87534981318166","6.91049683659346","7.22845857787878","7.88751377991986","",""
"Timor-Leste","TLS","Prevalence of undernourishment (% of population)","SN.ITK.DEFC.ZS","","","","","","","","","","","","","","","","","","","","","","","","","","","","","","","","","","","","","","","","","","41.5","36.5","33.1","32.5","32.2","31.9","31.7","32.4","31.8","31.2","29.3","28.3","26.7","25.3","24.5","24.2","24.6","25.1","25","26.2","",""
"Middle East & North Africa (IDA & IBRD countries)","TMN","Prevalence of undernourishment (% of population)","SN.ITK.DEFC.ZS","","","","","","","","","","","","","","","","","","","","","","","","","","","","","","","","","","","","","","","","","","8.93707415079116","8.92403756390129","8.95579752646743","8.99372053785337","8.86029563722288","8.71261520634578","8.52798711580646","8.32700251925343","7.81174269355967","7.85582674695626","7.8434121185698","8.19049534143994","8.09071045935678","8.43705446327863","8.98218602531891","9.43872539021258","9.67466753780317","9.5354395113101","9.4831125127725","9.30528622877649","",""
"Tonga","TON","Prevalence of undernourishment (% of population)","SN.ITK.DEFC.ZS","","","","","","","","","","","","","","","","","","","","","","","","","","","","","","","","","","","","","","","","","","","","","","","","","","","","","","","","","","","","","","",""
"South Asia (IDA & IBRD)","TSA","Prevalence of undernourishment (% of population)","SN.ITK.DEFC.ZS","","","","","","","","","","","","","","","","","","","","","","","","","","","","","","","","","","","","","","","","","","18.9404324724704","20.1728482254995","21.0246946799467","21.1238724594234","20.5210049093057","18.786023838783","17.0634390695382","16.266304903491","16.0355802264651","15.6921774937885","15.2930400202052","14.8236293695804","14.7069255970245","14.4385787378333","14.1315672942742","13.5727560332385","12.9540690754095","12.9858891961496","14.1897755888445","15.8972667502715","",""
"Sub-Saharan Africa (IDA & IBRD countries)","TSS","Prevalence of undernourishment (% of population)","SN.ITK.DEFC.ZS","","","","","","","","","","","","","","","","","","","","","","","","","","","","","","","","","","","","","","","","","","25.9321999965331","25.4898606821177","25.0399231711073","24.0224296952571","22.8910035869267","21.9426464383626","21.4421343341422","20.9808538169775","19.7187739177935","18.515283221683","17.3803896253369","17.0689711874508","16.9079250524945","17.0033926925973","17.312445107064","17.6313098242544","18.0932323849808","18.5138041579438","19.7710560673705","20.9011543514521","",""
"Trinidad and Tobago","TTO","Prevalence of undernourishment (% of population)","SN.ITK.DEFC.ZS","","","","","","","","","","","","","","","","","","","","","","","","","","","","","","","","","","","","","","","","","","10","10.5","11.1","11.5","11.1","10.5","9.9","9.6","9.1","8.2","7.2","6.7","6.6","6.6","6.8","6.8","6.9","7","7.3","7.5","",""
"Tunisia","TUN","Prevalence of undernourishment (% of population)","SN.ITK.DEFC.ZS","","","","","","","","","","","","","","","","","","","","","","","","","","","","","","","","","","","","","","","","","","4.4","4.4","4.5","4.4","4.3","4.3","4","3.8","3.6","3.4","3.2","3","2.8","2.7","2.5","2.5","2.5","2.5","2.6","3.1","",""
"Turkiye","TUR","Prevalence of undernourishment (% of population)","SN.ITK.DEFC.ZS","","","","","","","","","","","","","","","","","","","","","","","","","","","","","","","","","","","","","","","","","","2.5","2.5","2.5","2.5","2.5","2.5","2.5","2.5","2.5","2.5","2.5","2.5","2.5","2.5","2.5","2.5","2.5","2.5","2.5","2.5","",""
"Tuvalu","TUV","Prevalence of undernourishment (% of population)","SN.ITK.DEFC.ZS","","","","","","","","","","","","","","","","","","","","","","","","","","","","","","","","","","","","","","","","","","","","","","","","","","","","","","","","","","","","","","",""
"Tanzania","TZA","Prevalence of undernourishment (% of population)","SN.ITK.DEFC.ZS","","","","","","","","","","","","","","","","","","","","","","","","","","","","","","","","","","","","","","","","","","33.1","34","32.5","31.6","28.4","25.9","25.7","25.9","26.7","25.6","24.2","23.2","22.7","22.5","22.5","22.7","23","23.3","23.4","22.6","",""
"Uganda","UGA","Prevalence of undernourishment (% of population)","SN.ITK.DEFC.ZS","","","","","","","","","","","","","","","","","","","","","","","","","","","","","","","","","","","","","","","","","","","","","","","","","","","","","","","","","","","","","","",""
"Ukraine","UKR","Prevalence of undernourishment (% of population)","SN.ITK.DEFC.ZS","","","","","","","","","","","","","","","","","","","","","","","","","","","","","","","","","","","","","","","","","","3","2.5","2.5","2.5","2.5","2.5","2.5","2.5","2.5","2.5","2.5","2.5","2.5","2.5","2.5","2.5","2.5","2.5","2.6","2.8","",""
"Upper middle income","UMC","Prevalence of undernourishment (% of population)","SN.ITK.DEFC.ZS","","","","","","","","","","","","","","","","","","","","","","","","","","","","","","","","","","","","","","","","","","10.1995290707659","9.74272397823762","9.16189872554381","8.66178990038549","8.04795589907376","7.43100064247524","6.71241760105718","6.04485889659983","5.1161089551253","4.63892465293457","4.31360528847565","4.12957675781222","3.9501170353043","3.89050958770504","3.85589471945838","3.85672870554022","3.82347828260217","3.82948390233411","3.92670233421943","4.12702433758511","",""
"Uruguay","URY","Prevalence of undernourishment (% of population)","SN.ITK.DEFC.ZS","","","","","","","","","","","","","","","","","","","","","","","","","","","","","","","","","","","","","","","","","","3.6","3.5","3.7","3.8","3.9","3.7","3.1","2.5","2.5","2.5","2.5","2.5","2.5","2.5","2.5","2.5","2.5","2.5","2.5","2.5","",""
"United States","USA","Prevalence of undernourishment (% of population)","SN.ITK.DEFC.ZS","","","","","","","","","","","","","","","","","","","","","","","","","","","","","","","","","","","","","","","","","","2.5","2.5","2.5","2.5","2.5","2.5","2.5","2.5","2.5","2.5","2.5","2.5","2.5","2.5","2.5","2.5","2.5","2.5","2.5","2.5","",""
"Uzbekistan","UZB","Prevalence of undernourishment (% of population)","SN.ITK.DEFC.ZS","","","","","","","","","","","","","","","","","","","","","","","","","","","","","","","","","","","","","","","","","","17.9","19.2","18.7","16.8","14.7","12.6","11.5","11.2","8.4","5.4","2.5","2.5","2.5","2.5","2.5","2.5","2.5","2.5","2.5","2.5","",""
"St. Vincent and the Grenadines","VCT","Prevalence of undernourishment (% of population)","SN.ITK.DEFC.ZS","","","","","","","","","","","","","","","","","","","","","","","","","","","","","","","","","","","","","","","","","","13.4","11.9","9.5","8.7","7.9","7.2","6.8","6.4","6","5.8","5.6","5.5","5.4","5.6","5.9","5.8","5.7","5.5","6.6","7.6","",""
"Venezuela", "RB","VEN","Prevalence of undernourishment (% of population)","SN.ITK.DEFC.ZS","","","","","","","","","","","","","","","","","","","","","","","","","","","","","","","","","","","","","","","","","","14.9","15.1","14.6","10","8.4","7","4.8","2.8","2.5","2.5","2.5","2.5","2.5","4.5","11.3","16.4","22.2","22.7","24.9","22.9","",""
"British Virgin Islands","VGB","Prevalence of undernourishment (% of population)","SN.ITK.DEFC.ZS","","","","","","","","","","","","","","","","","","","","","","","","","","","","","","","","","","","","","","","","","","","","","","","","","","","","","","","","","","","","","","",""
"Virgin Islands (U.S.)"","VIR","Prevalence of undernourishment (% of population)","SN.ITK.DEFC.ZS","","","","","","","","","","","","","","","","","","","","","","","","","","","","","","","","","","","","","","","","","","","","","","","","","","","","","","","","","","","","","","",""
"Viet Nam","VNM","Prevalence of undernourishment (% of population)","SN.ITK.DEFC.ZS","","","","","","","","","","","","","","","","","","","","","","","","","","","","","","","","","","","","","","","","","","19.7","18","16.3","15.7","15.5","15.3","14.1","12.9","11.7","10.9","9.8","9.2","8.7","8.6","8.1","7.8","7.2","6.8","6.2","5.7","",""
"Vanuatu","VUT","Prevalence of undernourishment (% of population)","SN.ITK.DEFC.ZS","","","","","","","","","","","","","","","","","","","","","","","","","","","","","","","","","","","","","","","","","","7.5","7.4","7.2","7","6.9","6.4","6.1","5.9","6.1","6.3","6.9","7.4","8.1","8.8","10.3","11.2","12.3","12.6","12.4","11.9","",""
"World","WLD","Prevalence of undernourishment (% of population)","SN.ITK.DEFC.ZS","","","","","","","","","","","","","","","","","","","","","","","","","","","","","","","","","","","","","","","","","","13.1","13.3","13","12.9","12.3","11.5","10.5","10","9.8","8.6","8.3","8.2","7.9","7.8","8","7.8","7.6","7.7","8","9.3","",""
"Samoa","WSM","Prevalence of undernourishment (% of population)","SN.ITK.DEFC.ZS","","","","","","","","","","","","","","","","","","","","","","","","","","","","","","","","","","","","","","","","","","3.5","3.5","3.4","3.3","3.4","3.8","3.9","4","3.9","4.2","4.1","4","3.7","4.1","4.4","4.7","4.6","4.5","4.4","4.4","",""
"Kosovo","XKX","Prevalence of undernourishment (% of population)","SN.ITK.DEFC.ZS","","","","","","","","","","","","","","","","","","","","","","","","","","","","","","","","","","","","","","","","","","","","","","","","","","","","","","","","","","","","","","",""
"Yemen", Rep.,"YEM","Prevalence of undernourishment (% of population)","SN.ITK.DEFC.ZS","","","","","","","","","","","","","","","","","","","","","","","","","","","","","","","","","","","","","","","","","","26.7","27.6","28","28.3","27.8","26.6","26.1","26","24.2","27.1","29.1","33.3","34.3","38.1","43.4","46.1","46.6","44.7","42.8","41.4",""
"South Africa","ZAF","Prevalence of undernourishment (% of population)","SN.ITK.DEFC.ZS","","","","","","","","","","","","","","","","","","","","","","","","","","","","","","","","","","","","","","","","","","3.9","3.7","3.6","3.4","3.4","3.5","3.6","3.6","3.6","3.7","3.8","3.9","4.3","4.8","5.2","5.4","5.5","5.7","6.3","6.9","",""
"Zambia","ZMB","Prevalence of undernourishment (% of population)","SN.ITK.DEFC.ZS","","","","","","","","","","","","","","","","","","","","","","","","","","","","","","","","","","","","","","","","","","","","","","","","","","","","","","","","","","","","","","",""
"Zimbabwe","ZWE","Prevalence of undernourishment (% of population)","SN.ITK.DEFC.ZS","","","","","","","","","","","","","","","","","","","","","","","","","","","","","","","","","","","","","","","","","","","","","","","","","","","","","","","","","","","","","","",""
